hour,month,day,hour_of_day,T_drybulb_F
0,1,1,0,35.1
1,1,1,1,35.1
2,1,1,2,34.0
3,1,1,3,34.0
4,1,1,4,34.0
5,1,1,5,34.0
6,1,1,6,33.1
7,1,1,7,33.1
8,1,1,8,33.1
9,1,1,9,32.0
10,1,1,10,34.0
11,1,1,11,34.0
12,1,1,12,36.0
13,1,1,13,37.0
14,1,1,14,37.0
15,1,1,15,36.0
16,1,1,16,34.0
17,1,1,17,32.0
18,1,1,18,30.0
19,1,1,19,28.0
20,1,1,20,26.1
21,1,1,21,24.1
22,1,1,22,21.9
23,1,1,23,19.9
24,1,2,0,19.9
25,1,2,1,19.0
26,1,2,2,18.0
27,1,2,3,18.0
28,1,2,4,18.0
29,1,2,5,17.1
30,1,2,6,17.1
31,1,2,7,17.1
32,1,2,8,19.0
33,1,2,9,21.9
34,1,2,10,24.1
35,1,2,11,26.1
36,1,2,12,28.9
37,1,2,13,30.0
38,1,2,14,30.0
39,1,2,15,28.9
40,1,2,16,28.9
41,1,2,17,28.9
42,1,2,18,28.9
43,1,2,19,28.9
44,1,2,20,30.0
45,1,2,21,30.9
46,1,2,22,30.9
47,1,2,23,30.9
48,1,3,0,32.0
49,1,3,1,32.0
50,1,3,2,33.1
51,1,3,3,33.1
52,1,3,4,34.0
53,1,3,5,34.0
54,1,3,6,34.0
55,1,3,7,34.0
56,1,3,8,35.1
57,1,3,9,35.1
58,1,3,10,36.0
59,1,3,11,36.0
60,1,3,12,37.0
61,1,3,13,37.9
62,1,3,14,37.9
63,1,3,15,37.9
64,1,3,16,39.0
65,1,3,17,41.0
66,1,3,18,42.1
67,1,3,19,41.0
68,1,3,20,39.9
69,1,3,21,39.9
70,1,3,22,39.0
71,1,3,23,37.9
72,1,4,0,37.0
73,1,4,1,35.1
74,1,4,2,35.1
75,1,4,3,34.0
76,1,4,4,34.0
77,1,4,5,33.1
78,1,4,6,33.1
79,1,4,7,37.9
80,1,4,8,33.1
81,1,4,9,32.0
82,1,4,10,32.0
83,1,4,11,32.0
84,1,4,12,33.1
85,1,4,13,33.1
86,1,4,14,33.1
87,1,4,15,32.0
88,1,4,16,30.0
89,1,4,17,28.0
90,1,4,18,26.1
91,1,4,19,25.0
92,1,4,20,23.0
93,1,4,21,21.9
94,1,4,22,21.0
95,1,4,23,19.0
96,1,5,0,18.0
97,1,5,1,17.1
98,1,5,2,16.0
99,1,5,3,15.1
100,1,5,4,15.1
101,1,5,5,14.0
102,1,5,6,14.0
103,1,5,7,14.0
104,1,5,8,14.0
105,1,5,9,15.1
106,1,5,10,17.1
107,1,5,11,19.0
108,1,5,12,19.9
109,1,5,13,21.9
110,1,5,14,23.0
111,1,5,15,21.9
112,1,5,16,19.9
113,1,5,17,19.0
114,1,5,18,18.0
115,1,5,19,17.1
116,1,5,20,16.0
117,1,5,21,16.0
118,1,5,22,15.1
119,1,5,23,14.0
120,1,6,0,12.9
121,1,6,1,12.9
122,1,6,2,12.9
123,1,6,3,12.0
124,1,6,4,12.9
125,1,6,5,12.0
126,1,6,6,12.0
127,1,6,7,12.9
128,1,6,8,16.0
129,1,6,9,19.9
130,1,6,10,23.0
131,1,6,11,25.0
132,1,6,12,27.0
133,1,6,13,28.9
134,1,6,14,28.9
135,1,6,15,30.0
136,1,6,16,30.0
137,1,6,17,30.0
138,1,6,18,28.9
139,1,6,19,28.9
140,1,6,20,28.0
141,1,6,21,28.0
142,1,6,22,28.0
143,1,6,23,28.0
144,1,7,0,28.9
145,1,7,1,28.9
146,1,7,2,28.9
147,1,7,3,30.0
148,1,7,4,30.9
149,1,7,5,30.9
150,1,7,6,30.9
151,1,7,7,32.0
152,1,7,8,33.1
153,1,7,9,35.1
154,1,7,10,37.9
155,1,7,11,39.9
156,1,7,12,41.0
157,1,7,13,42.1
158,1,7,14,42.1
159,1,7,15,42.1
160,1,7,16,42.1
161,1,7,17,41.0
162,1,7,18,41.0
163,1,7,19,41.0
164,1,7,20,41.0
165,1,7,21,39.9
166,1,7,22,39.9
167,1,7,23,39.9
168,1,8,0,39.0
169,1,8,1,39.9
170,1,8,2,39.9
171,1,8,3,37.0
172,1,8,4,36.0
173,1,8,5,36.0
174,1,8,6,36.0
175,1,8,7,36.0
176,1,8,8,36.0
177,1,8,9,36.0
178,1,8,10,35.1
179,1,8,11,36.0
180,1,8,12,35.1
181,1,8,13,34.0
182,1,8,14,32.0
183,1,8,15,30.0
184,1,8,16,28.9
185,1,8,17,27.0
186,1,8,18,24.1
187,1,8,19,23.0
188,1,8,20,21.0
189,1,8,21,19.9
190,1,8,22,19.0
191,1,8,23,18.0
192,1,9,0,17.1
193,1,9,1,16.0
194,1,9,2,14.0
195,1,9,3,12.0
196,1,9,4,12.0
197,1,9,5,10.9
198,1,9,6,10.9
199,1,9,7,10.9
200,1,9,8,14.0
201,1,9,9,16.0
202,1,9,10,19.0
203,1,9,11,21.9
204,1,9,12,24.1
205,1,9,13,26.1
206,1,9,14,25.0
207,1,9,15,24.1
208,1,9,16,24.1
209,1,9,17,23.0
210,1,9,18,23.0
211,1,9,19,21.9
212,1,9,20,21.0
213,1,9,21,19.9
214,1,9,22,19.9
215,1,9,23,19.0
216,1,10,0,19.0
217,1,10,1,18.0
218,1,10,2,18.0
219,1,10,3,18.0
220,1,10,4,18.0
221,1,10,5,17.1
222,1,10,6,16.0
223,1,10,7,16.0
224,1,10,8,17.1
225,1,10,9,19.0
226,1,10,10,21.9
227,1,10,11,23.0
228,1,10,12,24.1
229,1,10,13,24.1
230,1,10,14,24.1
231,1,10,15,24.1
232,1,10,16,23.0
233,1,10,17,21.9
234,1,10,18,21.9
235,1,10,19,19.0
236,1,10,20,16.0
237,1,10,21,14.0
238,1,10,22,12.0
239,1,10,23,12.0
240,1,11,0,10.9
241,1,11,1,10.0
242,1,11,2,10.0
243,1,11,3,9.0
244,1,11,4,9.0
245,1,11,5,8.1
246,1,11,6,8.1
247,1,11,7,8.1
248,1,11,8,10.0
249,1,11,9,12.9
250,1,11,10,15.1
251,1,11,11,16.0
252,1,11,12,18.0
253,1,11,13,19.0
254,1,11,14,19.0
255,1,11,15,19.9
256,1,11,16,21.9
257,1,11,17,23.0
258,1,11,18,24.1
259,1,11,19,25.0
260,1,11,20,23.0
261,1,11,21,19.9
262,1,11,22,19.9
263,1,11,23,19.9
264,1,12,0,19.0
265,1,12,1,16.0
266,1,12,2,16.0
267,1,12,3,16.0
268,1,12,4,16.0
269,1,12,5,15.1
270,1,12,6,15.1
271,1,12,7,15.1
272,1,12,8,15.1
273,1,12,9,15.1
274,1,12,10,16.0
275,1,12,11,18.0
276,1,12,12,18.0
277,1,12,13,19.9
278,1,12,14,21.0
279,1,12,15,19.9
280,1,12,16,19.0
281,1,12,17,19.0
282,1,12,18,19.0
283,1,12,19,19.0
284,1,12,20,18.0
285,1,12,21,17.1
286,1,12,22,18.0
287,1,12,23,17.1
288,1,13,0,15.1
289,1,13,1,17.1
290,1,13,2,12.9
291,1,13,3,10.9
292,1,13,4,14.0
293,1,13,5,15.1
294,1,13,6,12.9
295,1,13,7,14.0
296,1,13,8,17.1
297,1,13,9,19.0
298,1,13,10,24.1
299,1,13,11,25.0
300,1,13,12,27.0
301,1,13,13,30.9
302,1,13,14,30.9
303,1,13,15,32.0
304,1,13,16,34.0
305,1,13,17,34.0
306,1,13,18,34.0
307,1,13,19,36.0
308,1,13,20,36.0
309,1,13,21,37.0
310,1,13,22,39.0
311,1,13,23,41.0
312,1,14,0,45.0
313,1,14,1,46.9
314,1,14,2,48.9
315,1,14,3,50.0
316,1,14,4,50.0
317,1,14,5,50.0
318,1,14,6,48.9
319,1,14,7,43.0
320,1,14,8,42.1
321,1,14,9,42.1
322,1,14,10,43.0
323,1,14,11,42.1
324,1,14,12,42.1
325,1,14,13,41.0
326,1,14,14,46.9
327,1,14,15,39.9
328,1,14,16,39.0
329,1,14,17,37.0
330,1,14,18,36.0
331,1,14,19,36.0
332,1,14,20,35.1
333,1,14,21,34.0
334,1,14,22,34.0
335,1,14,23,32.0
336,1,15,0,30.9
337,1,15,1,30.9
338,1,15,2,30.0
339,1,15,3,30.0
340,1,15,4,30.0
341,1,15,5,28.9
342,1,15,6,28.9
343,1,15,7,28.9
344,1,15,8,28.9
345,1,15,9,28.9
346,1,15,10,30.0
347,1,15,11,28.9
348,1,15,12,28.9
349,1,15,13,30.0
350,1,15,14,30.0
351,1,15,15,28.9
352,1,15,16,28.0
353,1,15,17,28.0
354,1,15,18,26.1
355,1,15,19,25.0
356,1,15,20,25.0
357,1,15,21,25.0
358,1,15,22,24.1
359,1,15,23,24.1
360,1,16,0,25.0
361,1,16,1,24.1
362,1,16,2,23.0
363,1,16,3,23.0
364,1,16,4,23.0
365,1,16,5,23.0
366,1,16,6,23.0
367,1,16,7,24.1
368,1,16,8,25.0
369,1,16,9,27.0
370,1,16,10,30.0
371,1,16,11,33.1
372,1,16,12,34.0
373,1,16,13,36.0
374,1,16,14,36.0
375,1,16,15,37.0
376,1,16,16,37.0
377,1,16,17,37.0
378,1,16,18,37.9
379,1,16,19,39.0
380,1,16,20,37.0
381,1,16,21,37.9
382,1,16,22,37.0
383,1,16,23,35.1
384,1,17,0,34.0
385,1,17,1,32.0
386,1,17,2,30.9
387,1,17,3,30.9
388,1,17,4,30.9
389,1,17,5,30.0
390,1,17,6,28.9
391,1,17,7,28.0
392,1,17,8,27.0
393,1,17,9,26.1
394,1,17,10,25.0
395,1,17,11,27.0
396,1,17,12,27.0
397,1,17,13,27.0
398,1,17,14,27.0
399,1,17,15,24.1
400,1,17,16,21.9
401,1,17,17,19.9
402,1,17,18,18.0
403,1,17,19,17.1
404,1,17,20,16.0
405,1,17,21,15.1
406,1,17,22,14.0
407,1,17,23,12.0
408,1,18,0,10.9
409,1,18,1,10.0
410,1,18,2,9.0
411,1,18,3,8.1
412,1,18,4,7.0
413,1,18,5,6.1
414,1,18,6,6.1
415,1,18,7,5.0
416,1,18,8,5.0
417,1,18,9,7.0
418,1,18,10,10.0
419,1,18,11,12.0
420,1,18,12,15.1
421,1,18,13,18.0
422,1,18,14,18.0
423,1,18,15,18.0
424,1,18,16,16.0
425,1,18,17,12.9
426,1,18,18,10.9
427,1,18,19,10.0
428,1,18,20,8.1
429,1,18,21,7.0
430,1,18,22,7.0
431,1,18,23,6.1
432,1,19,0,6.1
433,1,19,1,6.1
434,1,19,2,6.1
435,1,19,3,6.1
436,1,19,4,6.1
437,1,19,5,5.0
438,1,19,6,5.0
439,1,19,7,5.0
440,1,19,8,6.1
441,1,19,9,12.0
442,1,19,10,16.0
443,1,19,11,19.9
444,1,19,12,21.0
445,1,19,13,21.9
446,1,19,14,23.0
447,1,19,15,23.0
448,1,19,16,23.0
449,1,19,17,21.9
450,1,19,18,21.9
451,1,19,19,21.0
452,1,19,20,21.9
453,1,19,21,21.9
454,1,19,22,21.0
455,1,19,23,21.0
456,1,20,0,21.0
457,1,20,1,21.0
458,1,20,2,21.0
459,1,20,3,23.0
460,1,20,4,23.0
461,1,20,5,25.0
462,1,20,6,27.0
463,1,20,7,28.0
464,1,20,8,28.9
465,1,20,9,30.9
466,1,20,10,34.0
467,1,20,11,34.0
468,1,20,12,34.0
469,1,20,13,33.1
470,1,20,14,32.0
471,1,20,15,32.0
472,1,20,16,32.0
473,1,20,17,32.0
474,1,20,18,30.9
475,1,20,19,30.0
476,1,20,20,28.9
477,1,20,21,28.0
478,1,20,22,28.0
479,1,20,23,28.0
480,1,21,0,28.0
481,1,21,1,27.0
482,1,21,2,27.0
483,1,21,3,27.0
484,1,21,4,23.0
485,1,21,5,26.1
486,1,21,6,24.1
487,1,21,7,24.1
488,1,21,8,27.0
489,1,21,9,30.9
490,1,21,10,34.0
491,1,21,11,34.0
492,1,21,12,36.0
493,1,21,13,37.0
494,1,21,14,36.0
495,1,21,15,36.0
496,1,21,16,36.0
497,1,21,17,35.1
498,1,21,18,34.0
499,1,21,19,34.0
500,1,21,20,34.0
501,1,21,21,33.1
502,1,21,22,33.1
503,1,21,23,32.0
504,1,22,0,32.0
505,1,22,1,30.9
506,1,22,2,30.9
507,1,22,3,30.9
508,1,22,4,30.0
509,1,22,5,30.0
510,1,22,6,30.0
511,1,22,7,28.9
512,1,22,8,28.0
513,1,22,9,28.0
514,1,22,10,28.0
515,1,22,11,25.0
516,1,22,12,21.9
517,1,22,13,19.9
518,1,22,14,18.0
519,1,22,15,15.1
520,1,22,16,12.0
521,1,22,17,10.9
522,1,22,18,9.0
523,1,22,19,6.1
524,1,22,20,5.0
525,1,22,21,3.0
526,1,22,22,-0.0
527,1,22,23,-0.9
528,1,23,0,-2.9
529,1,23,1,-4.0
530,1,23,2,-4.0
531,1,23,3,-4.0
532,1,23,4,-2.9
533,1,23,5,-2.9
534,1,23,6,-2.0
535,1,23,7,-0.9
536,1,23,8,1.0
537,1,23,9,5.0
538,1,23,10,7.0
539,1,23,11,9.0
540,1,23,12,12.0
541,1,23,13,12.9
542,1,23,14,15.1
543,1,23,15,16.0
544,1,23,16,14.0
545,1,23,17,14.0
546,1,23,18,12.9
547,1,23,19,12.0
548,1,23,20,12.0
549,1,23,21,12.0
550,1,23,22,10.9
551,1,23,23,10.0
552,1,24,0,10.0
553,1,24,1,10.0
554,1,24,2,10.0
555,1,24,3,10.0
556,1,24,4,10.0
557,1,24,5,10.9
558,1,24,6,10.9
559,1,24,7,10.9
560,1,24,8,12.0
561,1,24,9,12.9
562,1,24,10,12.9
563,1,24,11,14.0
564,1,24,12,15.1
565,1,24,13,16.0
566,1,24,14,16.0
567,1,24,15,17.1
568,1,24,16,17.1
569,1,24,17,18.0
570,1,24,18,18.0
571,1,24,19,18.0
572,1,24,20,18.0
573,1,24,21,17.1
574,1,24,22,17.1
575,1,24,23,17.1
576,1,25,0,17.1
577,1,25,1,17.1
578,1,25,2,17.1
579,1,25,3,18.0
580,1,25,4,18.0
581,1,25,5,17.1
582,1,25,6,18.0
583,1,25,7,19.9
584,1,25,8,21.9
585,1,25,9,24.1
586,1,25,10,25.0
587,1,25,11,27.0
588,1,25,12,28.9
589,1,25,13,30.0
590,1,25,14,30.0
591,1,25,15,30.9
592,1,25,16,30.0
593,1,25,17,30.0
594,1,25,18,30.0
595,1,25,19,33.1
596,1,25,20,33.1
597,1,25,21,34.0
598,1,25,22,34.0
599,1,25,23,35.1
600,1,26,0,35.1
601,1,26,1,36.0
602,1,26,2,36.0
603,1,26,3,36.0
604,1,26,4,37.9
605,1,26,5,37.9
606,1,26,6,37.9
607,1,26,7,37.0
608,1,26,8,39.0
609,1,26,9,39.0
610,1,26,10,39.0
611,1,26,11,39.9
612,1,26,12,39.9
613,1,26,13,39.9
614,1,26,14,41.0
615,1,26,15,41.0
616,1,26,16,39.9
617,1,26,17,39.0
618,1,26,18,39.9
619,1,26,19,37.9
620,1,26,20,37.9
621,1,26,21,37.9
622,1,26,22,37.9
623,1,26,23,39.9
624,1,27,0,41.0
625,1,27,1,48.0
626,1,27,2,51.1
627,1,27,3,52.0
628,1,27,4,53.1
629,1,27,5,54.0
630,1,27,6,52.0
631,1,27,7,52.0
632,1,27,8,54.0
633,1,27,9,53.1
634,1,27,10,55.0
635,1,27,11,54.0
636,1,27,12,55.0
637,1,27,13,52.0
638,1,27,14,52.0
639,1,27,15,52.0
640,1,27,16,52.0
641,1,27,17,52.0
642,1,27,18,53.1
643,1,27,19,55.0
644,1,27,20,54.0
645,1,27,21,54.0
646,1,27,22,54.0
647,1,27,23,55.9
648,1,28,0,46.0
649,1,28,1,46.0
650,1,28,2,43.0
651,1,28,3,42.1
652,1,28,4,42.1
653,1,28,5,45.0
654,1,28,6,43.0
655,1,28,7,42.1
656,1,28,8,41.0
657,1,28,9,41.0
658,1,28,10,41.0
659,1,28,11,39.9
660,1,28,12,39.0
661,1,28,13,39.0
662,1,28,14,39.0
663,1,28,15,37.9
664,1,28,16,36.0
665,1,28,17,35.1
666,1,28,18,33.1
667,1,28,19,32.0
668,1,28,20,30.9
669,1,28,21,30.9
670,1,28,22,30.0
671,1,28,23,30.0
672,1,29,0,30.0
673,1,29,1,30.0
674,1,29,2,30.0
675,1,29,3,30.0
676,1,29,4,30.0
677,1,29,5,30.9
678,1,29,6,30.9
679,1,29,7,30.9
680,1,29,8,32.0
681,1,29,9,34.0
682,1,29,10,37.0
683,1,29,11,39.0
684,1,29,12,41.0
685,1,29,13,41.0
686,1,29,14,41.0
687,1,29,15,39.9
688,1,29,16,39.0
689,1,29,17,39.0
690,1,29,18,37.9
691,1,29,19,37.9
692,1,29,20,37.9
693,1,29,21,37.9
694,1,29,22,37.9
695,1,29,23,37.0
696,1,30,0,36.0
697,1,30,1,34.0
698,1,30,2,32.0
699,1,30,3,30.9
700,1,30,4,30.9
701,1,30,5,30.0
702,1,30,6,30.0
703,1,30,7,30.0
704,1,30,8,30.0
705,1,30,9,32.0
706,1,30,10,33.1
707,1,30,11,33.1
708,1,30,12,33.1
709,1,30,13,34.0
710,1,30,14,34.0
711,1,30,15,32.0
712,1,30,16,32.0
713,1,30,17,30.9
714,1,30,18,30.9
715,1,30,19,30.0
716,1,30,20,28.9
717,1,30,21,27.0
718,1,30,22,26.1
719,1,30,23,25.0
720,1,31,0,24.1
721,1,31,1,23.0
722,1,31,2,21.9
723,1,31,3,21.0
724,1,31,4,19.9
725,1,31,5,19.0
726,1,31,6,19.0
727,1,31,7,19.0
728,1,31,8,21.0
729,1,31,9,23.0
730,1,31,10,26.1
731,1,31,11,27.0
732,1,31,12,28.0
733,1,31,13,28.0
734,1,31,14,28.9
735,1,31,15,30.0
736,1,31,16,30.0
737,1,31,17,30.9
738,1,31,18,30.9
739,1,31,19,30.9
740,1,31,20,30.9
741,1,31,21,28.9
742,1,31,22,26.8
743,1,31,23,24.6
744,2,1,0,22.6
745,2,1,1,20.5
746,2,1,2,18.3
747,2,1,3,16.0
748,2,1,4,16.0
749,2,1,5,17.1
750,2,1,6,17.1
751,2,1,7,18.0
752,2,1,8,19.0
753,2,1,9,19.9
754,2,1,10,24.1
755,2,1,11,27.0
756,2,1,12,28.9
757,2,1,13,28.9
758,2,1,14,28.0
759,2,1,15,28.9
760,2,1,16,28.0
761,2,1,17,26.1
762,2,1,18,25.0
763,2,1,19,24.1
764,2,1,20,21.0
765,2,1,21,19.0
766,2,1,22,17.1
767,2,1,23,16.0
768,2,2,0,16.0
769,2,2,1,16.0
770,2,2,2,15.1
771,2,2,3,15.1
772,2,2,4,14.0
773,2,2,5,12.9
774,2,2,6,12.9
775,2,2,7,14.0
776,2,2,8,15.1
777,2,2,9,16.0
778,2,2,10,18.0
779,2,2,11,19.9
780,2,2,12,21.9
781,2,2,13,24.1
782,2,2,14,26.1
783,2,2,15,27.0
784,2,2,16,27.0
785,2,2,17,26.1
786,2,2,18,25.0
787,2,2,19,24.1
788,2,2,20,23.0
789,2,2,21,21.9
790,2,2,22,21.9
791,2,2,23,19.9
792,2,3,0,19.9
793,2,3,1,19.0
794,2,3,2,19.9
795,2,3,3,19.9
796,2,3,4,21.0
797,2,3,5,21.9
798,2,3,6,21.9
799,2,3,7,23.0
800,2,3,8,24.1
801,2,3,9,26.1
802,2,3,10,30.0
803,2,3,11,32.0
804,2,3,12,33.1
805,2,3,13,34.0
806,2,3,14,35.1
807,2,3,15,34.0
808,2,3,16,35.1
809,2,3,17,35.1
810,2,3,18,35.1
811,2,3,19,34.0
812,2,3,20,34.0
813,2,3,21,33.1
814,2,3,22,32.0
815,2,3,23,30.9
816,2,4,0,30.0
817,2,4,1,30.0
818,2,4,2,30.0
819,2,4,3,30.9
820,2,4,4,30.0
821,2,4,5,30.0
822,2,4,6,28.9
823,2,4,7,28.9
824,2,4,8,28.9
825,2,4,9,30.0
826,2,4,10,30.9
827,2,4,11,32.0
828,2,4,12,34.0
829,2,4,13,35.1
830,2,4,14,35.1
831,2,4,15,35.1
832,2,4,16,34.0
833,2,4,17,34.0
834,2,4,18,33.1
835,2,4,19,33.1
836,2,4,20,33.1
837,2,4,21,33.1
838,2,4,22,30.9
839,2,4,23,30.9
840,2,5,0,30.9
841,2,5,1,28.9
842,2,5,2,28.0
843,2,5,3,26.1
844,2,5,4,27.0
845,2,5,5,27.0
846,2,5,6,28.0
847,2,5,7,27.0
848,2,5,8,28.9
849,2,5,9,30.0
850,2,5,10,30.0
851,2,5,11,30.9
852,2,5,12,30.9
853,2,5,13,30.9
854,2,5,14,30.9
855,2,5,15,30.9
856,2,5,16,30.9
857,2,5,17,30.9
858,2,5,18,30.9
859,2,5,19,28.9
860,2,5,20,28.9
861,2,5,21,28.0
862,2,5,22,27.0
863,2,5,23,27.0
864,2,6,0,27.0
865,2,6,1,27.0
866,2,6,2,24.1
867,2,6,3,21.9
868,2,6,4,21.9
869,2,6,5,19.9
870,2,6,6,19.9
871,2,6,7,19.9
872,2,6,8,19.9
873,2,6,9,19.0
874,2,6,10,21.0
875,2,6,11,21.9
876,2,6,12,23.0
877,2,6,13,25.0
878,2,6,14,26.1
879,2,6,15,24.1
880,2,6,16,21.9
881,2,6,17,21.9
882,2,6,18,19.9
883,2,6,19,19.0
884,2,6,20,18.0
885,2,6,21,18.0
886,2,6,22,17.1
887,2,6,23,17.1
888,2,7,0,17.1
889,2,7,1,17.1
890,2,7,2,18.0
891,2,7,3,18.0
892,2,7,4,18.0
893,2,7,5,18.0
894,2,7,6,19.0
895,2,7,7,19.0
896,2,7,8,19.0
897,2,7,9,19.0
898,2,7,10,19.9
899,2,7,11,21.9
900,2,7,12,24.1
901,2,7,13,25.0
902,2,7,14,27.0
903,2,7,15,27.0
904,2,7,16,27.0
905,2,7,17,26.1
906,2,7,18,25.0
907,2,7,19,24.1
908,2,7,20,21.9
909,2,7,21,21.0
910,2,7,22,19.9
911,2,7,23,19.0
912,2,8,0,19.0
913,2,8,1,18.0
914,2,8,2,18.0
915,2,8,3,19.0
916,2,8,4,18.0
917,2,8,5,18.0
918,2,8,6,18.0
919,2,8,7,19.0
920,2,8,8,19.9
921,2,8,9,21.9
922,2,8,10,25.0
923,2,8,11,28.0
924,2,8,12,30.0
925,2,8,13,33.1
926,2,8,14,33.1
927,2,8,15,33.1
928,2,8,16,32.0
929,2,8,17,30.9
930,2,8,18,30.0
931,2,8,19,28.9
932,2,8,20,28.0
933,2,8,21,27.0
934,2,8,22,27.0
935,2,8,23,25.0
936,2,9,0,24.1
937,2,9,1,23.0
938,2,9,2,21.9
939,2,9,3,23.0
940,2,9,4,23.0
941,2,9,5,23.0
942,2,9,6,23.0
943,2,9,7,21.0
944,2,9,8,24.1
945,2,9,9,26.1
946,2,9,10,30.0
947,2,9,11,32.0
948,2,9,12,34.0
949,2,9,13,34.0
950,2,9,14,36.0
951,2,9,15,35.1
952,2,9,16,35.1
953,2,9,17,33.1
954,2,9,18,32.0
955,2,9,19,32.0
956,2,9,20,32.0
957,2,9,21,33.1
958,2,9,22,33.1
959,2,9,23,33.1
960,2,10,0,34.0
961,2,10,1,34.0
962,2,10,2,34.0
963,2,10,3,33.1
964,2,10,4,33.1
965,2,10,5,32.0
966,2,10,6,33.1
967,2,10,7,35.1
968,2,10,8,30.9
969,2,10,9,34.0
970,2,10,10,37.0
971,2,10,11,39.0
972,2,10,12,39.9
973,2,10,13,41.0
974,2,10,14,41.0
975,2,10,15,41.0
976,2,10,16,39.9
977,2,10,17,39.0
978,2,10,18,37.9
979,2,10,19,36.0
980,2,10,20,35.1
981,2,10,21,35.1
982,2,10,22,32.0
983,2,10,23,28.9
984,2,11,0,28.9
985,2,11,1,30.0
986,2,11,2,32.0
987,2,11,3,32.0
988,2,11,4,30.0
989,2,11,5,28.9
990,2,11,6,28.0
991,2,11,7,30.0
992,2,11,8,30.9
993,2,11,9,36.0
994,2,11,10,39.0
995,2,11,11,39.9
996,2,11,12,41.0
997,2,11,13,43.0
998,2,11,14,44.1
999,2,11,15,43.0
1000,2,11,16,43.0
1001,2,11,17,39.9
1002,2,11,18,39.0
1003,2,11,19,42.1
1004,2,11,20,43.0
1005,2,11,21,43.0
1006,2,11,22,44.1
1007,2,11,23,46.9
1008,2,12,0,44.1
1009,2,12,1,42.1
1010,2,12,2,41.0
1011,2,12,3,41.0
1012,2,12,4,39.9
1013,2,12,5,39.9
1014,2,12,6,39.9
1015,2,12,7,41.0
1016,2,12,8,41.0
1017,2,12,9,42.1
1018,2,12,10,41.0
1019,2,12,11,44.1
1020,2,12,12,45.0
1021,2,12,13,46.0
1022,2,12,14,44.1
1023,2,12,15,44.1
1024,2,12,16,44.1
1025,2,12,17,43.0
1026,2,12,18,41.0
1027,2,12,19,39.9
1028,2,12,20,39.0
1029,2,12,21,37.0
1030,2,12,22,37.0
1031,2,12,23,36.0
1032,2,13,0,36.0
1033,2,13,1,36.0
1034,2,13,2,35.1
1035,2,13,3,35.1
1036,2,13,4,34.0
1037,2,13,5,35.1
1038,2,13,6,35.1
1039,2,13,7,35.1
1040,2,13,8,36.0
1041,2,13,9,36.0
1042,2,13,10,39.0
1043,2,13,11,39.0
1044,2,13,12,37.9
1045,2,13,13,39.0
1046,2,13,14,41.0
1047,2,13,15,39.9
1048,2,13,16,37.9
1049,2,13,17,37.9
1050,2,13,18,39.0
1051,2,13,19,39.0
1052,2,13,20,39.9
1053,2,13,21,39.0
1054,2,13,22,39.9
1055,2,13,23,41.0
1056,2,14,0,39.0
1057,2,14,1,37.9
1058,2,14,2,37.9
1059,2,14,3,37.0
1060,2,14,4,35.1
1061,2,14,5,35.1
1062,2,14,6,35.1
1063,2,14,7,36.0
1064,2,14,8,37.9
1065,2,14,9,39.9
1066,2,14,10,41.0
1067,2,14,11,42.1
1068,2,14,12,42.1
1069,2,14,13,43.0
1070,2,14,14,43.0
1071,2,14,15,44.1
1072,2,14,16,43.0
1073,2,14,17,43.0
1074,2,14,18,41.0
1075,2,14,19,37.9
1076,2,14,20,37.0
1077,2,14,21,37.9
1078,2,14,22,37.0
1079,2,14,23,36.0
1080,2,15,0,36.0
1081,2,15,1,35.1
1082,2,15,2,35.1
1083,2,15,3,35.1
1084,2,15,4,34.0
1085,2,15,5,35.1
1086,2,15,6,35.1
1087,2,15,7,35.1
1088,2,15,8,34.0
1089,2,15,9,34.0
1090,2,15,10,33.1
1091,2,15,11,34.0
1092,2,15,12,34.0
1093,2,15,13,36.0
1094,2,15,14,35.1
1095,2,15,15,36.0
1096,2,15,16,36.0
1097,2,15,17,34.0
1098,2,15,18,30.9
1099,2,15,19,30.9
1100,2,15,20,28.9
1101,2,15,21,28.0
1102,2,15,22,27.0
1103,2,15,23,26.1
1104,2,16,0,24.1
1105,2,16,1,23.0
1106,2,16,2,21.9
1107,2,16,3,21.0
1108,2,16,4,21.0
1109,2,16,5,19.9
1110,2,16,6,19.9
1111,2,16,7,21.0
1112,2,16,8,21.0
1113,2,16,9,23.0
1114,2,16,10,23.0
1115,2,16,11,25.0
1116,2,16,12,26.1
1117,2,16,13,26.1
1118,2,16,14,28.0
1119,2,16,15,27.0
1120,2,16,16,28.0
1121,2,16,17,26.1
1122,2,16,18,25.0
1123,2,16,19,23.0
1124,2,16,20,21.0
1125,2,16,21,19.9
1126,2,16,22,19.0
1127,2,16,23,18.0
1128,2,17,0,17.1
1129,2,17,1,15.1
1130,2,17,2,12.9
1131,2,17,3,10.9
1132,2,17,4,10.0
1133,2,17,5,9.0
1134,2,17,6,9.0
1135,2,17,7,10.0
1136,2,17,8,12.0
1137,2,17,9,14.0
1138,2,17,10,16.0
1139,2,17,11,17.1
1140,2,17,12,19.0
1141,2,17,13,21.0
1142,2,17,14,23.0
1143,2,17,15,23.0
1144,2,17,16,23.0
1145,2,17,17,23.0
1146,2,17,18,21.9
1147,2,17,19,21.9
1148,2,17,20,21.0
1149,2,17,21,19.9
1150,2,17,22,18.0
1151,2,17,23,18.0
1152,2,18,0,18.0
1153,2,18,1,17.1
1154,2,18,2,18.0
1155,2,18,3,17.1
1156,2,18,4,18.0
1157,2,18,5,18.0
1158,2,18,6,18.0
1159,2,18,7,19.0
1160,2,18,8,19.9
1161,2,18,9,24.1
1162,2,18,10,28.0
1163,2,18,11,27.0
1164,2,18,12,28.0
1165,2,18,13,30.0
1166,2,18,14,30.9
1167,2,18,15,33.1
1168,2,18,16,28.0
1169,2,18,17,27.0
1170,2,18,18,28.0
1171,2,18,19,27.0
1172,2,18,20,28.0
1173,2,18,21,28.0
1174,2,18,22,25.0
1175,2,18,23,24.1
1176,2,19,0,24.1
1177,2,19,1,24.1
1178,2,19,2,23.0
1179,2,19,3,23.0
1180,2,19,4,25.0
1181,2,19,5,25.0
1182,2,19,6,27.0
1183,2,19,7,28.9
1184,2,19,8,30.0
1185,2,19,9,32.0
1186,2,19,10,35.1
1187,2,19,11,36.0
1188,2,19,12,37.0
1189,2,19,13,37.9
1190,2,19,14,37.0
1191,2,19,15,36.0
1192,2,19,16,36.0
1193,2,19,17,37.0
1194,2,19,18,37.0
1195,2,19,19,35.1
1196,2,19,20,33.1
1197,2,19,21,30.9
1198,2,19,22,32.0
1199,2,19,23,32.0
1200,2,20,0,30.9
1201,2,20,1,27.0
1202,2,20,2,30.9
1203,2,20,3,28.9
1204,2,20,4,28.9
1205,2,20,5,28.9
1206,2,20,6,28.9
1207,2,20,7,30.9
1208,2,20,8,32.0
1209,2,20,9,34.0
1210,2,20,10,36.0
1211,2,20,11,35.1
1212,2,20,12,34.0
1213,2,20,13,34.0
1214,2,20,14,34.0
1215,2,20,15,34.0
1216,2,20,16,34.0
1217,2,20,17,33.1
1218,2,20,18,32.0
1219,2,20,19,32.0
1220,2,20,20,32.0
1221,2,20,21,32.0
1222,2,20,22,30.9
1223,2,20,23,30.9
1224,2,21,0,30.0
1225,2,21,1,30.0
1226,2,21,2,30.0
1227,2,21,3,30.0
1228,2,21,4,30.9
1229,2,21,5,30.9
1230,2,21,6,30.9
1231,2,21,7,30.0
1232,2,21,8,30.0
1233,2,21,9,30.9
1234,2,21,10,30.9
1235,2,21,11,32.0
1236,2,21,12,32.0
1237,2,21,13,33.1
1238,2,21,14,33.1
1239,2,21,15,33.1
1240,2,21,16,30.9
1241,2,21,17,30.9
1242,2,21,18,28.9
1243,2,21,19,28.0
1244,2,21,20,26.1
1245,2,21,21,24.1
1246,2,21,22,23.0
1247,2,21,23,21.0
1248,2,22,0,21.9
1249,2,22,1,19.9
1250,2,22,2,19.9
1251,2,22,3,19.0
1252,2,22,4,19.0
1253,2,22,5,17.1
1254,2,22,6,16.0
1255,2,22,7,19.0
1256,2,22,8,21.0
1257,2,22,9,24.1
1258,2,22,10,28.0
1259,2,22,11,30.9
1260,2,22,12,33.1
1261,2,22,13,35.1
1262,2,22,14,36.0
1263,2,22,15,36.0
1264,2,22,16,37.0
1265,2,22,17,35.1
1266,2,22,18,35.1
1267,2,22,19,35.1
1268,2,22,20,34.0
1269,2,22,21,33.1
1270,2,22,22,30.0
1271,2,22,23,32.0
1272,2,23,0,33.1
1273,2,23,1,33.1
1274,2,23,2,33.1
1275,2,23,3,33.1
1276,2,23,4,33.1
1277,2,23,5,32.0
1278,2,23,6,32.0
1279,2,23,7,32.0
1280,2,23,8,35.1
1281,2,23,9,37.0
1282,2,23,10,37.9
1283,2,23,11,37.0
1284,2,23,12,37.0
1285,2,23,13,35.1
1286,2,23,14,35.1
1287,2,23,15,35.1
1288,2,23,16,35.1
1289,2,23,17,35.1
1290,2,23,18,35.1
1291,2,23,19,35.1
1292,2,23,20,35.1
1293,2,23,21,34.0
1294,2,23,22,35.1
1295,2,23,23,35.1
1296,2,24,0,34.0
1297,2,24,1,33.1
1298,2,24,2,33.1
1299,2,24,3,33.1
1300,2,24,4,34.0
1301,2,24,5,34.0
1302,2,24,6,34.0
1303,2,24,7,35.1
1304,2,24,8,33.1
1305,2,24,9,33.1
1306,2,24,10,33.1
1307,2,24,11,34.0
1308,2,24,12,34.0
1309,2,24,13,35.1
1310,2,24,14,35.1
1311,2,24,15,36.0
1312,2,24,16,36.0
1313,2,24,17,37.0
1314,2,24,18,37.0
1315,2,24,19,37.9
1316,2,24,20,39.0
1317,2,24,21,39.0
1318,2,24,22,37.9
1319,2,24,23,37.9
1320,2,25,0,39.9
1321,2,25,1,41.0
1322,2,25,2,42.1
1323,2,25,3,41.0
1324,2,25,4,39.0
1325,2,25,5,41.0
1326,2,25,6,39.0
1327,2,25,7,41.0
1328,2,25,8,43.0
1329,2,25,9,45.0
1330,2,25,10,46.0
1331,2,25,11,46.0
1332,2,25,12,46.0
1333,2,25,13,46.0
1334,2,25,14,46.9
1335,2,25,15,46.9
1336,2,25,16,46.0
1337,2,25,17,45.0
1338,2,25,18,44.1
1339,2,25,19,43.0
1340,2,25,20,43.0
1341,2,25,21,42.1
1342,2,25,22,42.1
1343,2,25,23,42.1
1344,2,26,0,42.1
1345,2,26,1,41.0
1346,2,26,2,41.0
1347,2,26,3,42.1
1348,2,26,4,41.0
1349,2,26,5,41.0
1350,2,26,6,42.1
1351,2,26,7,42.1
1352,2,26,8,43.0
1353,2,26,9,43.0
1354,2,26,10,43.0
1355,2,26,11,43.0
1356,2,26,12,44.1
1357,2,26,13,45.0
1358,2,26,14,46.0
1359,2,26,15,46.0
1360,2,26,16,45.0
1361,2,26,17,43.0
1362,2,26,18,42.1
1363,2,26,19,41.0
1364,2,26,20,39.9
1365,2,26,21,39.9
1366,2,26,22,37.9
1367,2,26,23,36.0
1368,2,27,0,36.0
1369,2,27,1,37.9
1370,2,27,2,37.0
1371,2,27,3,35.1
1372,2,27,4,36.0
1373,2,27,5,35.1
1374,2,27,6,35.1
1375,2,27,7,37.0
1376,2,27,8,39.0
1377,2,27,9,39.0
1378,2,27,10,39.9
1379,2,27,11,39.9
1380,2,27,12,39.9
1381,2,27,13,39.0
1382,2,27,14,39.0
1383,2,27,15,39.0
1384,2,27,16,39.0
1385,2,27,17,39.0
1386,2,27,18,37.9
1387,2,27,19,39.0
1388,2,27,20,39.0
1389,2,27,21,39.9
1390,2,27,22,39.9
1391,2,27,23,41.0
1392,2,28,0,39.0
1393,2,28,1,39.0
1394,2,28,2,37.9
1395,2,28,3,39.9
1396,2,28,4,39.9
1397,2,28,5,42.1
1398,2,28,6,41.0
1399,2,28,7,39.9
1400,2,28,8,39.9
1401,2,28,9,41.0
1402,2,28,10,41.0
1403,2,28,11,41.0
1404,2,28,12,41.0
1405,2,28,13,42.1
1406,2,28,14,43.0
1407,2,28,15,43.0
1408,2,28,16,41.0
1409,2,28,17,37.9
1410,2,28,18,37.0
1411,2,28,19,35.1
1412,2,28,20,35.1
1413,2,28,21,35.6
1414,2,28,22,36.1
1415,2,28,23,36.7
1416,3,1,0,37.4
1417,3,1,1,37.9
1418,3,1,2,38.5
1419,3,1,3,39.0
1420,3,1,4,39.0
1421,3,1,5,39.0
1422,3,1,6,39.0
1423,3,1,7,41.0
1424,3,1,8,42.1
1425,3,1,9,45.0
1426,3,1,10,46.0
1427,3,1,11,44.1
1428,3,1,12,46.9
1429,3,1,13,48.9
1430,3,1,14,48.0
1431,3,1,15,46.9
1432,3,1,16,46.0
1433,3,1,17,43.0
1434,3,1,18,43.0
1435,3,1,19,42.1
1436,3,1,20,41.0
1437,3,1,21,39.9
1438,3,1,22,39.0
1439,3,1,23,37.9
1440,3,2,0,37.9
1441,3,2,1,37.0
1442,3,2,2,36.0
1443,3,2,3,36.0
1444,3,2,4,36.0
1445,3,2,5,36.0
1446,3,2,6,36.0
1447,3,2,7,37.0
1448,3,2,8,39.0
1449,3,2,9,42.1
1450,3,2,10,44.1
1451,3,2,11,44.1
1452,3,2,12,43.0
1453,3,2,13,44.1
1454,3,2,14,43.0
1455,3,2,15,43.0
1456,3,2,16,42.1
1457,3,2,17,42.1
1458,3,2,18,42.1
1459,3,2,19,39.9
1460,3,2,20,39.9
1461,3,2,21,39.0
1462,3,2,22,37.9
1463,3,2,23,37.0
1464,3,3,0,35.1
1465,3,3,1,33.1
1466,3,3,2,33.1
1467,3,3,3,32.0
1468,3,3,4,30.9
1469,3,3,5,30.9
1470,3,3,6,30.9
1471,3,3,7,33.1
1472,3,3,8,35.1
1473,3,3,9,35.1
1474,3,3,10,35.1
1475,3,3,11,36.0
1476,3,3,12,36.0
1477,3,3,13,36.0
1478,3,3,14,36.0
1479,3,3,15,35.1
1480,3,3,16,33.1
1481,3,3,17,30.9
1482,3,3,18,30.0
1483,3,3,19,28.0
1484,3,3,20,28.0
1485,3,3,21,27.0
1486,3,3,22,26.1
1487,3,3,23,24.1
1488,3,4,0,23.0
1489,3,4,1,21.9
1490,3,4,2,21.9
1491,3,4,3,21.9
1492,3,4,4,21.9
1493,3,4,5,21.9
1494,3,4,6,21.0
1495,3,4,7,23.0
1496,3,4,8,26.1
1497,3,4,9,28.9
1498,3,4,10,33.1
1499,3,4,11,35.1
1500,3,4,12,37.0
1501,3,4,13,39.9
1502,3,4,14,41.0
1503,3,4,15,42.1
1504,3,4,16,39.9
1505,3,4,17,39.9
1506,3,4,18,39.0
1507,3,4,19,37.9
1508,3,4,20,37.9
1509,3,4,21,37.0
1510,3,4,22,36.0
1511,3,4,23,34.0
1512,3,5,0,32.0
1513,3,5,1,30.9
1514,3,5,2,30.0
1515,3,5,3,28.9
1516,3,5,4,28.0
1517,3,5,5,28.0
1518,3,5,6,27.0
1519,3,5,7,30.0
1520,3,5,8,32.0
1521,3,5,9,33.1
1522,3,5,10,34.0
1523,3,5,11,34.0
1524,3,5,12,34.0
1525,3,5,13,34.0
1526,3,5,14,34.0
1527,3,5,15,34.0
1528,3,5,16,34.0
1529,3,5,17,33.1
1530,3,5,18,33.1
1531,3,5,19,32.0
1532,3,5,20,32.0
1533,3,5,21,32.0
1534,3,5,22,33.1
1535,3,5,23,34.0
1536,3,6,0,34.0
1537,3,6,1,34.0
1538,3,6,2,34.0
1539,3,6,3,34.0
1540,3,6,4,34.0
1541,3,6,5,34.0
1542,3,6,6,34.0
1543,3,6,7,34.0
1544,3,6,8,34.0
1545,3,6,9,35.1
1546,3,6,10,35.1
1547,3,6,11,36.0
1548,3,6,12,36.0
1549,3,6,13,35.1
1550,3,6,14,35.1
1551,3,6,15,36.0
1552,3,6,16,37.0
1553,3,6,17,37.0
1554,3,6,18,36.0
1555,3,6,19,36.0
1556,3,6,20,36.0
1557,3,6,21,35.1
1558,3,6,22,35.1
1559,3,6,23,36.0
1560,3,7,0,36.0
1561,3,7,1,35.1
1562,3,7,2,35.1
1563,3,7,3,35.1
1564,3,7,4,35.1
1565,3,7,5,35.1
1566,3,7,6,35.1
1567,3,7,7,35.1
1568,3,7,8,35.1
1569,3,7,9,35.1
1570,3,7,10,36.0
1571,3,7,11,36.0
1572,3,7,12,37.9
1573,3,7,13,36.0
1574,3,7,14,37.0
1575,3,7,15,36.0
1576,3,7,16,36.0
1577,3,7,17,36.0
1578,3,7,18,36.0
1579,3,7,19,37.0
1580,3,7,20,36.0
1581,3,7,21,36.0
1582,3,7,22,36.0
1583,3,7,23,36.0
1584,3,8,0,36.0
1585,3,8,1,36.0
1586,3,8,2,35.1
1587,3,8,3,35.1
1588,3,8,4,35.1
1589,3,8,5,35.1
1590,3,8,6,35.1
1591,3,8,7,35.1
1592,3,8,8,35.1
1593,3,8,9,35.1
1594,3,8,10,35.1
1595,3,8,11,37.0
1596,3,8,12,36.0
1597,3,8,13,36.0
1598,3,8,14,36.0
1599,3,8,15,35.1
1600,3,8,16,35.1
1601,3,8,17,35.1
1602,3,8,18,35.1
1603,3,8,19,35.1
1604,3,8,20,34.0
1605,3,8,21,35.1
1606,3,8,22,35.1
1607,3,8,23,35.1
1608,3,9,0,35.1
1609,3,9,1,35.1
1610,3,9,2,35.1
1611,3,9,3,35.1
1612,3,9,4,35.1
1613,3,9,5,35.1
1614,3,9,6,34.0
1615,3,9,7,37.0
1616,3,9,8,37.9
1617,3,9,9,39.0
1618,3,9,10,39.9
1619,3,9,11,41.0
1620,3,9,12,43.0
1621,3,9,13,44.1
1622,3,9,14,46.0
1623,3,9,15,45.0
1624,3,9,16,45.0
1625,3,9,17,43.0
1626,3,9,18,42.1
1627,3,9,19,41.0
1628,3,9,20,39.9
1629,3,9,21,39.0
1630,3,9,22,39.0
1631,3,9,23,37.9
1632,3,10,0,37.9
1633,3,10,1,37.9
1634,3,10,2,37.0
1635,3,10,3,37.0
1636,3,10,4,37.0
1637,3,10,5,37.0
1638,3,10,6,36.0
1639,3,10,7,39.0
1640,3,10,8,39.0
1641,3,10,9,42.1
1642,3,10,10,43.0
1643,3,10,11,46.0
1644,3,10,12,44.1
1645,3,10,13,45.0
1646,3,10,14,45.0
1647,3,10,15,44.1
1648,3,10,16,43.0
1649,3,10,17,43.0
1650,3,10,18,43.0
1651,3,10,19,42.1
1652,3,10,20,41.0
1653,3,10,21,39.0
1654,3,10,22,37.0
1655,3,10,23,37.0
1656,3,11,0,36.0
1657,3,11,1,35.1
1658,3,11,2,35.1
1659,3,11,3,35.1
1660,3,11,4,35.1
1661,3,11,5,35.1
1662,3,11,6,36.0
1663,3,11,7,37.0
1664,3,11,8,39.0
1665,3,11,9,42.1
1666,3,11,10,42.1
1667,3,11,11,42.1
1668,3,11,12,41.0
1669,3,11,13,41.0
1670,3,11,14,42.1
1671,3,11,15,42.1
1672,3,11,16,42.1
1673,3,11,17,41.0
1674,3,11,18,41.0
1675,3,11,19,39.9
1676,3,11,20,37.0
1677,3,11,21,37.0
1678,3,11,22,36.0
1679,3,11,23,34.0
1680,3,12,0,32.0
1681,3,12,1,32.0
1682,3,12,2,30.9
1683,3,12,3,30.9
1684,3,12,4,30.0
1685,3,12,5,30.9
1686,3,12,6,32.0
1687,3,12,7,34.0
1688,3,12,8,36.0
1689,3,12,9,37.9
1690,3,12,10,39.9
1691,3,12,11,39.9
1692,3,12,12,39.9
1693,3,12,13,39.9
1694,3,12,14,41.0
1695,3,12,15,42.1
1696,3,12,16,39.9
1697,3,12,17,39.0
1698,3,12,18,39.0
1699,3,12,19,37.9
1700,3,12,20,39.0
1701,3,12,21,37.9
1702,3,12,22,37.9
1703,3,12,23,37.0
1704,3,13,0,37.0
1705,3,13,1,36.0
1706,3,13,2,36.0
1707,3,13,3,35.1
1708,3,13,4,36.0
1709,3,13,5,35.1
1710,3,13,6,35.1
1711,3,13,7,39.0
1712,3,13,8,43.0
1713,3,13,9,48.0
1714,3,13,10,51.1
1715,3,13,11,53.1
1716,3,13,12,55.0
1717,3,13,13,53.1
1718,3,13,14,55.0
1719,3,13,15,53.1
1720,3,13,16,52.0
1721,3,13,17,51.1
1722,3,13,18,48.0
1723,3,13,19,48.0
1724,3,13,20,42.1
1725,3,13,21,39.9
1726,3,13,22,39.9
1727,3,13,23,39.9
1728,3,14,0,41.0
1729,3,14,1,39.0
1730,3,14,2,39.0
1731,3,14,3,37.9
1732,3,14,4,37.0
1733,3,14,5,35.1
1734,3,14,6,33.1
1735,3,14,7,32.0
1736,3,14,8,35.1
1737,3,14,9,36.0
1738,3,14,10,36.0
1739,3,14,11,32.0
1740,3,14,12,33.1
1741,3,14,13,32.0
1742,3,14,14,32.0
1743,3,14,15,30.0
1744,3,14,16,30.0
1745,3,14,17,30.0
1746,3,14,18,28.9
1747,3,14,19,27.0
1748,3,14,20,25.0
1749,3,14,21,25.0
1750,3,14,22,24.1
1751,3,14,23,25.0
1752,3,15,0,25.0
1753,3,15,1,25.0
1754,3,15,2,26.1
1755,3,15,3,26.1
1756,3,15,4,27.0
1757,3,15,5,28.0
1758,3,15,6,27.0
1759,3,15,7,34.0
1760,3,15,8,37.9
1761,3,15,9,42.1
1762,3,15,10,45.0
1763,3,15,11,46.9
1764,3,15,12,51.1
1765,3,15,13,53.1
1766,3,15,14,53.1
1767,3,15,15,53.1
1768,3,15,16,52.0
1769,3,15,17,48.9
1770,3,15,18,46.9
1771,3,15,19,46.0
1772,3,15,20,46.0
1773,3,15,21,46.0
1774,3,15,22,44.1
1775,3,15,23,42.1
1776,3,16,0,41.0
1777,3,16,1,41.0
1778,3,16,2,41.0
1779,3,16,3,39.9
1780,3,16,4,39.0
1781,3,16,5,39.0
1782,3,16,6,39.9
1783,3,16,7,44.1
1784,3,16,8,46.9
1785,3,16,9,48.9
1786,3,16,10,50.0
1787,3,16,11,52.0
1788,3,16,12,48.9
1789,3,16,13,46.0
1790,3,16,14,45.0
1791,3,16,15,42.1
1792,3,16,16,39.9
1793,3,16,17,34.0
1794,3,16,18,34.0
1795,3,16,19,33.1
1796,3,16,20,30.9
1797,3,16,21,30.0
1798,3,16,22,28.9
1799,3,16,23,27.0
1800,3,17,0,25.0
1801,3,17,1,24.1
1802,3,17,2,23.0
1803,3,17,3,21.0
1804,3,17,4,19.9
1805,3,17,5,19.9
1806,3,17,6,19.9
1807,3,17,7,24.1
1808,3,17,8,26.1
1809,3,17,9,28.9
1810,3,17,10,33.1
1811,3,17,11,36.0
1812,3,17,12,37.9
1813,3,17,13,39.9
1814,3,17,14,41.0
1815,3,17,15,41.0
1816,3,17,16,39.9
1817,3,17,17,39.0
1818,3,17,18,37.0
1819,3,17,19,35.1
1820,3,17,20,35.1
1821,3,17,21,28.0
1822,3,17,22,26.1
1823,3,17,23,24.1
1824,3,18,0,23.0
1825,3,18,1,21.0
1826,3,18,2,21.0
1827,3,18,3,19.9
1828,3,18,4,19.9
1829,3,18,5,21.0
1830,3,18,6,21.9
1831,3,18,7,24.1
1832,3,18,8,27.0
1833,3,18,9,28.9
1834,3,18,10,32.0
1835,3,18,11,33.1
1836,3,18,12,35.1
1837,3,18,13,37.0
1838,3,18,14,37.0
1839,3,18,15,36.0
1840,3,18,16,35.1
1841,3,18,17,34.0
1842,3,18,18,33.1
1843,3,18,19,30.9
1844,3,18,20,30.0
1845,3,18,21,28.9
1846,3,18,22,27.0
1847,3,18,23,26.1
1848,3,19,0,25.0
1849,3,19,1,24.1
1850,3,19,2,21.9
1851,3,19,3,21.9
1852,3,19,4,21.0
1853,3,19,5,21.0
1854,3,19,6,21.9
1855,3,19,7,25.0
1856,3,19,8,28.0
1857,3,19,9,28.9
1858,3,19,10,32.0
1859,3,19,11,35.1
1860,3,19,12,32.0
1861,3,19,13,33.1
1862,3,19,14,33.1
1863,3,19,15,33.1
1864,3,19,16,32.0
1865,3,19,17,30.0
1866,3,19,18,28.9
1867,3,19,19,30.0
1868,3,19,20,26.1
1869,3,19,21,28.0
1870,3,19,22,28.0
1871,3,19,23,28.0
1872,3,20,0,28.0
1873,3,20,1,28.0
1874,3,20,2,28.0
1875,3,20,3,27.0
1876,3,20,4,26.1
1877,3,20,5,26.1
1878,3,20,6,28.9
1879,3,20,7,30.9
1880,3,20,8,35.1
1881,3,20,9,34.0
1882,3,20,10,36.0
1883,3,20,11,37.9
1884,3,20,12,37.9
1885,3,20,13,36.0
1886,3,20,14,35.1
1887,3,20,15,35.1
1888,3,20,16,34.0
1889,3,20,17,33.1
1890,3,20,18,32.0
1891,3,20,19,30.9
1892,3,20,20,32.0
1893,3,20,21,33.1
1894,3,20,22,32.0
1895,3,20,23,30.9
1896,3,21,0,32.0
1897,3,21,1,32.0
1898,3,21,2,30.9
1899,3,21,3,30.9
1900,3,21,4,30.9
1901,3,21,5,30.0
1902,3,21,6,30.9
1903,3,21,7,32.0
1904,3,21,8,33.1
1905,3,21,9,35.1
1906,3,21,10,36.0
1907,3,21,11,37.0
1908,3,21,12,36.0
1909,3,21,13,39.0
1910,3,21,14,39.0
1911,3,21,15,41.0
1912,3,21,16,39.9
1913,3,21,17,37.9
1914,3,21,18,37.9
1915,3,21,19,37.9
1916,3,21,20,37.0
1917,3,21,21,37.9
1918,3,21,22,37.9
1919,3,21,23,37.0
1920,3,22,0,37.0
1921,3,22,1,36.0
1922,3,22,2,36.0
1923,3,22,3,35.1
1924,3,22,4,34.0
1925,3,22,5,33.1
1926,3,22,6,35.1
1927,3,22,7,37.9
1928,3,22,8,41.0
1929,3,22,9,42.1
1930,3,22,10,41.0
1931,3,22,11,42.1
1932,3,22,12,41.0
1933,3,22,13,42.1
1934,3,22,14,41.0
1935,3,22,15,39.9
1936,3,22,16,39.0
1937,3,22,17,37.9
1938,3,22,18,37.0
1939,3,22,19,36.0
1940,3,22,20,36.0
1941,3,22,21,36.0
1942,3,22,22,35.1
1943,3,22,23,35.1
1944,3,23,0,34.0
1945,3,23,1,33.1
1946,3,23,2,34.0
1947,3,23,3,34.0
1948,3,23,4,33.1
1949,3,23,5,32.0
1950,3,23,6,32.0
1951,3,23,7,36.0
1952,3,23,8,39.9
1953,3,23,9,42.1
1954,3,23,10,41.0
1955,3,23,11,42.1
1956,3,23,12,42.1
1957,3,23,13,41.0
1958,3,23,14,41.0
1959,3,23,15,39.9
1960,3,23,16,37.9
1961,3,23,17,36.0
1962,3,23,18,35.1
1963,3,23,19,34.0
1964,3,23,20,34.0
1965,3,23,21,35.1
1966,3,23,22,34.0
1967,3,23,23,34.0
1968,3,24,0,35.1
1969,3,24,1,34.0
1970,3,24,2,33.1
1971,3,24,3,34.0
1972,3,24,4,33.1
1973,3,24,5,32.0
1974,3,24,6,34.0
1975,3,24,7,36.0
1976,3,24,8,39.9
1977,3,24,9,41.0
1978,3,24,10,42.1
1979,3,24,11,45.0
1980,3,24,12,48.9
1981,3,24,13,45.0
1982,3,24,14,44.1
1983,3,24,15,41.0
1984,3,24,16,39.9
1985,3,24,17,37.9
1986,3,24,18,39.0
1987,3,24,19,37.9
1988,3,24,20,39.9
1989,3,24,21,41.0
1990,3,24,22,39.9
1991,3,24,23,41.0
1992,3,25,0,39.9
1993,3,25,1,39.9
1994,3,25,2,37.9
1995,3,25,3,37.0
1996,3,25,4,36.0
1997,3,25,5,34.0
1998,3,25,6,35.1
1999,3,25,7,39.9
2000,3,25,8,42.1
2001,3,25,9,41.0
2002,3,25,10,39.9
2003,3,25,11,37.0
2004,3,25,12,35.1
2005,3,25,13,35.1
2006,3,25,14,36.0
2007,3,25,15,36.0
2008,3,25,16,35.1
2009,3,25,17,35.1
2010,3,25,18,35.1
2011,3,25,19,35.1
2012,3,25,20,35.1
2013,3,25,21,34.0
2014,3,25,22,34.0
2015,3,25,23,34.0
2016,3,26,0,32.0
2017,3,26,1,32.0
2018,3,26,2,32.0
2019,3,26,3,34.0
2020,3,26,4,33.1
2021,3,26,5,33.1
2022,3,26,6,34.0
2023,3,26,7,36.0
2024,3,26,8,41.0
2025,3,26,9,43.0
2026,3,26,10,48.9
2027,3,26,11,48.9
2028,3,26,12,46.9
2029,3,26,13,48.0
2030,3,26,14,48.0
2031,3,26,15,51.1
2032,3,26,16,51.1
2033,3,26,17,46.0
2034,3,26,18,45.0
2035,3,26,19,43.0
2036,3,26,20,39.9
2037,3,26,21,39.0
2038,3,26,22,37.9
2039,3,26,23,37.0
2040,3,27,0,36.0
2041,3,27,1,36.0
2042,3,27,2,36.0
2043,3,27,3,37.0
2044,3,27,4,37.0
2045,3,27,5,37.0
2046,3,27,6,37.9
2047,3,27,7,37.9
2048,3,27,8,39.0
2049,3,27,9,41.0
2050,3,27,10,41.0
2051,3,27,11,42.1
2052,3,27,12,41.0
2053,3,27,13,41.0
2054,3,27,14,42.1
2055,3,27,15,43.0
2056,3,27,16,45.0
2057,3,27,17,43.0
2058,3,27,18,42.1
2059,3,27,19,43.0
2060,3,27,20,42.1
2061,3,27,21,41.0
2062,3,27,22,39.0
2063,3,27,23,39.0
2064,3,28,0,37.9
2065,3,28,1,37.0
2066,3,28,2,36.0
2067,3,28,3,35.1
2068,3,28,4,34.0
2069,3,28,5,33.1
2070,3,28,6,35.1
2071,3,28,7,39.9
2072,3,28,8,39.9
2073,3,28,9,42.1
2074,3,28,10,42.1
2075,3,28,11,45.0
2076,3,28,12,48.9
2077,3,28,13,46.9
2078,3,28,14,46.9
2079,3,28,15,46.0
2080,3,28,16,46.9
2081,3,28,17,50.0
2082,3,28,18,48.0
2083,3,28,19,48.0
2084,3,28,20,46.0
2085,3,28,21,46.0
2086,3,28,22,45.0
2087,3,28,23,43.0
2088,3,29,0,43.0
2089,3,29,1,44.1
2090,3,29,2,44.1
2091,3,29,3,45.0
2092,3,29,4,45.0
2093,3,29,5,44.1
2094,3,29,6,45.0
2095,3,29,7,46.9
2096,3,29,8,50.0
2097,3,29,9,55.0
2098,3,29,10,62.1
2099,3,29,11,69.1
2100,3,29,12,75.0
2101,3,29,13,77.0
2102,3,29,14,77.0
2103,3,29,15,77.0
2104,3,29,16,75.0
2105,3,29,17,70.0
2106,3,29,18,68.0
2107,3,29,19,66.0
2108,3,29,20,64.9
2109,3,29,21,64.9
2110,3,29,22,64.9
2111,3,29,23,64.0
2112,3,30,0,63.0
2113,3,30,1,61.0
2114,3,30,2,59.0
2115,3,30,3,57.0
2116,3,30,4,55.9
2117,3,30,5,54.0
2118,3,30,6,55.0
2119,3,30,7,57.9
2120,3,30,8,64.9
2121,3,30,9,68.0
2122,3,30,10,70.0
2123,3,30,11,72.0
2124,3,30,12,69.1
2125,3,30,13,66.0
2126,3,30,14,64.9
2127,3,30,15,63.0
2128,3,30,16,59.0
2129,3,30,17,55.9
2130,3,30,18,54.0
2131,3,30,19,54.0
2132,3,30,20,55.9
2133,3,30,21,55.9
2134,3,30,22,55.0
2135,3,30,23,55.0
2136,3,31,0,55.0
2137,3,31,1,55.9
2138,3,31,2,55.9
2139,3,31,3,55.0
2140,3,31,4,55.0
2141,3,31,5,55.0
2142,3,31,6,57.0
2143,3,31,7,57.0
2144,3,31,8,62.1
2145,3,31,9,62.1
2146,3,31,10,66.9
2147,3,31,11,66.0
2148,3,31,12,66.9
2149,3,31,13,70.0
2150,3,31,14,68.0
2151,3,31,15,68.0
2152,3,31,16,66.9
2153,3,31,17,64.9
2154,3,31,18,51.1
2155,3,31,19,53.1
2156,3,31,20,54.0
2157,3,31,21,51.4
2158,3,31,22,48.7
2159,3,31,23,46.2
2160,4,1,0,43.7
2161,4,1,1,41.2
2162,4,1,2,38.5
2163,4,1,3,36.0
2164,4,1,4,35.1
2165,4,1,5,35.1
2166,4,1,6,35.1
2167,4,1,7,36.0
2168,4,1,8,36.0
2169,4,1,9,37.0
2170,4,1,10,37.0
2171,4,1,11,37.9
2172,4,1,12,37.9
2173,4,1,13,39.0
2174,4,1,14,39.9
2175,4,1,15,39.0
2176,4,1,16,39.0
2177,4,1,17,37.9
2178,4,1,18,37.0
2179,4,1,19,37.0
2180,4,1,20,37.0
2181,4,1,21,37.9
2182,4,1,22,37.9
2183,4,1,23,37.9
2184,4,2,0,37.9
2185,4,2,1,37.9
2186,4,2,2,37.9
2187,4,2,3,37.9
2188,4,2,4,37.9
2189,4,2,5,37.9
2190,4,2,6,37.9
2191,4,2,7,39.0
2192,4,2,8,39.0
2193,4,2,9,39.9
2194,4,2,10,41.0
2195,4,2,11,41.0
2196,4,2,12,41.0
2197,4,2,13,39.9
2198,4,2,14,39.9
2199,4,2,15,39.9
2200,4,2,16,39.9
2201,4,2,17,39.9
2202,4,2,18,39.9
2203,4,2,19,39.9
2204,4,2,20,39.9
2205,4,2,21,39.9
2206,4,2,22,39.9
2207,4,2,23,39.9
2208,4,3,0,39.0
2209,4,3,1,39.0
2210,4,3,2,39.0
2211,4,3,3,39.0
2212,4,3,4,39.0
2213,4,3,5,39.0
2214,4,3,6,39.0
2215,4,3,7,39.9
2216,4,3,8,39.0
2217,4,3,9,39.0
2218,4,3,10,39.0
2219,4,3,11,39.0
2220,4,3,12,39.0
2221,4,3,13,39.0
2222,4,3,14,39.0
2223,4,3,15,39.0
2224,4,3,16,39.0
2225,4,3,17,39.0
2226,4,3,18,39.0
2227,4,3,19,39.0
2228,4,3,20,39.9
2229,4,3,21,39.9
2230,4,3,22,39.9
2231,4,3,23,39.9
2232,4,4,0,39.9
2233,4,4,1,41.0
2234,4,4,2,41.0
2235,4,4,3,42.1
2236,4,4,4,42.1
2237,4,4,5,42.1
2238,4,4,6,43.0
2239,4,4,7,45.0
2240,4,4,8,48.0
2241,4,4,9,46.9
2242,4,4,10,46.0
2243,4,4,11,46.0
2244,4,4,12,46.0
2245,4,4,13,46.0
2246,4,4,14,46.0
2247,4,4,15,46.0
2248,4,4,16,45.0
2249,4,4,17,44.1
2250,4,4,18,43.0
2251,4,4,19,43.0
2252,4,4,20,43.0
2253,4,4,21,42.1
2254,4,4,22,42.1
2255,4,4,23,42.1
2256,4,5,0,41.0
2257,4,5,1,41.0
2258,4,5,2,41.0
2259,4,5,3,42.1
2260,4,5,4,41.0
2261,4,5,5,41.0
2262,4,5,6,42.1
2263,4,5,7,45.0
2264,4,5,8,48.0
2265,4,5,9,50.0
2266,4,5,10,51.1
2267,4,5,11,53.1
2268,4,5,12,55.0
2269,4,5,13,53.1
2270,4,5,14,54.0
2271,4,5,15,52.0
2272,4,5,16,53.1
2273,4,5,17,50.0
2274,4,5,18,48.9
2275,4,5,19,48.0
2276,4,5,20,46.0
2277,4,5,21,44.1
2278,4,5,22,43.0
2279,4,5,23,39.0
2280,4,6,0,39.0
2281,4,6,1,39.9
2282,4,6,2,42.1
2283,4,6,3,42.1
2284,4,6,4,42.1
2285,4,6,5,42.1
2286,4,6,6,45.0
2287,4,6,7,46.9
2288,4,6,8,48.0
2289,4,6,9,48.0
2290,4,6,10,48.9
2291,4,6,11,50.0
2292,4,6,12,51.1
2293,4,6,13,52.0
2294,4,6,14,51.1
2295,4,6,15,51.1
2296,4,6,16,50.0
2297,4,6,17,48.9
2298,4,6,18,48.0
2299,4,6,19,46.0
2300,4,6,20,44.1
2301,4,6,21,43.0
2302,4,6,22,42.1
2303,4,6,23,41.0
2304,4,7,0,41.0
2305,4,7,1,39.9
2306,4,7,2,39.0
2307,4,7,3,39.0
2308,4,7,4,35.1
2309,4,7,5,32.0
2310,4,7,6,30.9
2311,4,7,7,30.9
2312,4,7,8,32.0
2313,4,7,9,33.1
2314,4,7,10,33.1
2315,4,7,11,36.0
2316,4,7,12,37.0
2317,4,7,13,37.9
2318,4,7,14,39.0
2319,4,7,15,41.0
2320,4,7,16,42.1
2321,4,7,17,46.0
2322,4,7,18,43.0
2323,4,7,19,42.1
2324,4,7,20,39.9
2325,4,7,21,39.0
2326,4,7,22,37.9
2327,4,7,23,37.0
2328,4,8,0,36.0
2329,4,8,1,35.1
2330,4,8,2,35.1
2331,4,8,3,34.0
2332,4,8,4,32.0
2333,4,8,5,33.1
2334,4,8,6,35.1
2335,4,8,7,37.0
2336,4,8,8,39.9
2337,4,8,9,39.0
2338,4,8,10,43.0
2339,4,8,11,44.1
2340,4,8,12,45.0
2341,4,8,13,44.1
2342,4,8,14,45.0
2343,4,8,15,45.0
2344,4,8,16,44.1
2345,4,8,17,43.0
2346,4,8,18,42.1
2347,4,8,19,42.1
2348,4,8,20,42.1
2349,4,8,21,39.9
2350,4,8,22,39.0
2351,4,8,23,37.9
2352,4,9,0,37.9
2353,4,9,1,37.0
2354,4,9,2,37.9
2355,4,9,3,37.0
2356,4,9,4,37.0
2357,4,9,5,37.9
2358,4,9,6,39.9
2359,4,9,7,42.1
2360,4,9,8,46.9
2361,4,9,9,50.0
2362,4,9,10,52.0
2363,4,9,11,54.0
2364,4,9,12,57.0
2365,4,9,13,57.9
2366,4,9,14,57.9
2367,4,9,15,57.9
2368,4,9,16,57.9
2369,4,9,17,55.9
2370,4,9,18,52.0
2371,4,9,19,50.0
2372,4,9,20,48.9
2373,4,9,21,48.0
2374,4,9,22,48.9
2375,4,9,23,48.0
2376,4,10,0,48.0
2377,4,10,1,46.9
2378,4,10,2,46.9
2379,4,10,3,46.9
2380,4,10,4,46.9
2381,4,10,5,48.0
2382,4,10,6,50.0
2383,4,10,7,51.1
2384,4,10,8,53.1
2385,4,10,9,53.1
2386,4,10,10,55.0
2387,4,10,11,59.0
2388,4,10,12,59.0
2389,4,10,13,60.1
2390,4,10,14,60.1
2391,4,10,15,60.1
2392,4,10,16,59.0
2393,4,10,17,55.9
2394,4,10,18,57.0
2395,4,10,19,57.0
2396,4,10,20,57.9
2397,4,10,21,55.0
2398,4,10,22,53.1
2399,4,10,23,54.0
2400,4,11,0,55.9
2401,4,11,1,57.9
2402,4,11,2,55.9
2403,4,11,3,55.9
2404,4,11,4,55.9
2405,4,11,5,54.0
2406,4,11,6,54.0
2407,4,11,7,55.0
2408,4,11,8,57.0
2409,4,11,9,55.0
2410,4,11,10,57.0
2411,4,11,11,57.0
2412,4,11,12,55.0
2413,4,11,13,54.0
2414,4,11,14,52.0
2415,4,11,15,53.1
2416,4,11,16,50.0
2417,4,11,17,48.0
2418,4,11,18,46.0
2419,4,11,19,44.1
2420,4,11,20,42.1
2421,4,11,21,41.0
2422,4,11,22,39.9
2423,4,11,23,39.0
2424,4,12,0,37.9
2425,4,12,1,37.0
2426,4,12,2,36.0
2427,4,12,3,36.0
2428,4,12,4,35.1
2429,4,12,5,36.0
2430,4,12,6,37.9
2431,4,12,7,41.0
2432,4,12,8,42.1
2433,4,12,9,44.1
2434,4,12,10,45.0
2435,4,12,11,46.0
2436,4,12,12,46.9
2437,4,12,13,46.9
2438,4,12,14,46.9
2439,4,12,15,45.0
2440,4,12,16,44.1
2441,4,12,17,42.1
2442,4,12,18,39.9
2443,4,12,19,39.0
2444,4,12,20,37.9
2445,4,12,21,37.0
2446,4,12,22,36.0
2447,4,12,23,35.1
2448,4,13,0,34.0
2449,4,13,1,33.1
2450,4,13,2,32.0
2451,4,13,3,32.0
2452,4,13,4,30.9
2453,4,13,5,33.1
2454,4,13,6,35.1
2455,4,13,7,37.0
2456,4,13,8,39.9
2457,4,13,9,41.0
2458,4,13,10,41.0
2459,4,13,11,44.1
2460,4,13,12,46.0
2461,4,13,13,43.0
2462,4,13,14,43.0
2463,4,13,15,43.0
2464,4,13,16,42.1
2465,4,13,17,43.0
2466,4,13,18,42.1
2467,4,13,19,39.9
2468,4,13,20,39.0
2469,4,13,21,37.9
2470,4,13,22,37.0
2471,4,13,23,37.0
2472,4,14,0,36.0
2473,4,14,1,35.1
2474,4,14,2,35.1
2475,4,14,3,34.0
2476,4,14,4,34.0
2477,4,14,5,36.0
2478,4,14,6,39.0
2479,4,14,7,43.0
2480,4,14,8,46.9
2481,4,14,9,51.1
2482,4,14,10,52.0
2483,4,14,11,54.0
2484,4,14,12,55.0
2485,4,14,13,54.0
2486,4,14,14,53.1
2487,4,14,15,52.0
2488,4,14,16,48.9
2489,4,14,17,46.0
2490,4,14,18,44.1
2491,4,14,19,43.0
2492,4,14,20,42.1
2493,4,14,21,42.1
2494,4,14,22,42.1
2495,4,14,23,42.1
2496,4,15,0,42.1
2497,4,15,1,42.1
2498,4,15,2,43.0
2499,4,15,3,43.0
2500,4,15,4,43.0
2501,4,15,5,44.1
2502,4,15,6,45.0
2503,4,15,7,46.0
2504,4,15,8,45.0
2505,4,15,9,46.9
2506,4,15,10,50.0
2507,4,15,11,53.1
2508,4,15,12,53.1
2509,4,15,13,53.1
2510,4,15,14,53.1
2511,4,15,15,53.1
2512,4,15,16,53.1
2513,4,15,17,53.1
2514,4,15,18,52.0
2515,4,15,19,50.0
2516,4,15,20,52.0
2517,4,15,21,51.1
2518,4,15,22,48.9
2519,4,15,23,50.0
2520,4,16,0,48.0
2521,4,16,1,50.0
2522,4,16,2,48.0
2523,4,16,3,48.0
2524,4,16,4,48.0
2525,4,16,5,48.0
2526,4,16,6,48.9
2527,4,16,7,53.1
2528,4,16,8,55.0
2529,4,16,9,55.9
2530,4,16,10,57.0
2531,4,16,11,59.0
2532,4,16,12,62.1
2533,4,16,13,63.0
2534,4,16,14,64.0
2535,4,16,15,64.0
2536,4,16,16,63.0
2537,4,16,17,62.1
2538,4,16,18,59.0
2539,4,16,19,57.0
2540,4,16,20,55.9
2541,4,16,21,51.1
2542,4,16,22,46.0
2543,4,16,23,46.9
2544,4,17,0,46.0
2545,4,17,1,45.0
2546,4,17,2,45.0
2547,4,17,3,44.1
2548,4,17,4,44.1
2549,4,17,5,44.1
2550,4,17,6,46.0
2551,4,17,7,48.9
2552,4,17,8,52.0
2553,4,17,9,53.1
2554,4,17,10,50.0
2555,4,17,11,48.9
2556,4,17,12,51.1
2557,4,17,13,52.0
2558,4,17,14,55.0
2559,4,17,15,50.0
2560,4,17,16,46.0
2561,4,17,17,43.0
2562,4,17,18,43.0
2563,4,17,19,43.0
2564,4,17,20,44.1
2565,4,17,21,42.1
2566,4,17,22,41.0
2567,4,17,23,39.9
2568,4,18,0,39.0
2569,4,18,1,37.9
2570,4,18,2,36.0
2571,4,18,3,36.0
2572,4,18,4,35.1
2573,4,18,5,36.0
2574,4,18,6,37.9
2575,4,18,7,41.0
2576,4,18,8,43.0
2577,4,18,9,46.0
2578,4,18,10,46.9
2579,4,18,11,48.9
2580,4,18,12,48.0
2581,4,18,13,48.0
2582,4,18,14,46.9
2583,4,18,15,44.1
2584,4,18,16,45.0
2585,4,18,17,42.1
2586,4,18,18,41.0
2587,4,18,19,39.9
2588,4,18,20,39.0
2589,4,18,21,39.0
2590,4,18,22,37.0
2591,4,18,23,37.0
2592,4,19,0,35.1
2593,4,19,1,35.1
2594,4,19,2,36.0
2595,4,19,3,37.0
2596,4,19,4,37.0
2597,4,19,5,37.0
2598,4,19,6,39.9
2599,4,19,7,46.0
2600,4,19,8,46.0
2601,4,19,9,46.9
2602,4,19,10,46.9
2603,4,19,11,50.0
2604,4,19,12,48.9
2605,4,19,13,48.0
2606,4,19,14,50.0
2607,4,19,15,55.9
2608,4,19,16,52.0
2609,4,19,17,50.0
2610,4,19,18,46.9
2611,4,19,19,46.0
2612,4,19,20,44.1
2613,4,19,21,43.0
2614,4,19,22,43.0
2615,4,19,23,42.1
2616,4,20,0,42.1
2617,4,20,1,43.0
2618,4,20,2,42.1
2619,4,20,3,42.1
2620,4,20,4,42.1
2621,4,20,5,42.1
2622,4,20,6,46.0
2623,4,20,7,48.9
2624,4,20,8,52.0
2625,4,20,9,54.0
2626,4,20,10,57.9
2627,4,20,11,59.0
2628,4,20,12,59.0
2629,4,20,13,57.0
2630,4,20,14,57.0
2631,4,20,15,57.0
2632,4,20,16,55.9
2633,4,20,17,54.0
2634,4,20,18,52.0
2635,4,20,19,51.1
2636,4,20,20,50.0
2637,4,20,21,51.1
2638,4,20,22,51.1
2639,4,20,23,52.0
2640,4,21,0,53.1
2641,4,21,1,53.1
2642,4,21,2,52.0
2643,4,21,3,51.1
2644,4,21,4,51.1
2645,4,21,5,51.1
2646,4,21,6,51.1
2647,4,21,7,52.0
2648,4,21,8,52.0
2649,4,21,9,52.0
2650,4,21,10,53.1
2651,4,21,11,53.1
2652,4,21,12,54.0
2653,4,21,13,55.0
2654,4,21,14,55.0
2655,4,21,15,54.0
2656,4,21,16,52.0
2657,4,21,17,51.1
2658,4,21,18,51.1
2659,4,21,19,50.0
2660,4,21,20,50.0
2661,4,21,21,50.0
2662,4,21,22,50.0
2663,4,21,23,48.9
2664,4,22,0,48.9
2665,4,22,1,48.9
2666,4,22,2,48.0
2667,4,22,3,48.0
2668,4,22,4,46.9
2669,4,22,5,48.0
2670,4,22,6,50.0
2671,4,22,7,51.1
2672,4,22,8,52.0
2673,4,22,9,53.1
2674,4,22,10,54.0
2675,4,22,11,51.1
2676,4,22,12,53.1
2677,4,22,13,52.0
2678,4,22,14,53.1
2679,4,22,15,51.1
2680,4,22,16,51.1
2681,4,22,17,50.0
2682,4,22,18,51.1
2683,4,22,19,51.1
2684,4,22,20,51.1
2685,4,22,21,51.1
2686,4,22,22,51.1
2687,4,22,23,50.0
2688,4,23,0,48.9
2689,4,23,1,48.0
2690,4,23,2,51.1
2691,4,23,3,51.1
2692,4,23,4,53.1
2693,4,23,5,51.1
2694,4,23,6,53.1
2695,4,23,7,52.0
2696,4,23,8,55.9
2697,4,23,9,55.9
2698,4,23,10,57.9
2699,4,23,11,55.9
2700,4,23,12,53.1
2701,4,23,13,53.1
2702,4,23,14,52.0
2703,4,23,15,51.1
2704,4,23,16,48.9
2705,4,23,17,46.9
2706,4,23,18,46.0
2707,4,23,19,46.0
2708,4,23,20,46.9
2709,4,23,21,46.9
2710,4,23,22,48.9
2711,4,23,23,48.0
2712,4,24,0,46.9
2713,4,24,1,46.9
2714,4,24,2,46.0
2715,4,24,3,46.0
2716,4,24,4,42.1
2717,4,24,5,46.0
2718,4,24,6,48.9
2719,4,24,7,51.1
2720,4,24,8,51.1
2721,4,24,9,50.0
2722,4,24,10,48.9
2723,4,24,11,48.9
2724,4,24,12,48.9
2725,4,24,13,48.9
2726,4,24,14,46.9
2727,4,24,15,48.0
2728,4,24,16,48.0
2729,4,24,17,48.0
2730,4,24,18,48.9
2731,4,24,19,48.0
2732,4,24,20,48.0
2733,4,24,21,46.9
2734,4,24,22,46.9
2735,4,24,23,46.0
2736,4,25,0,46.0
2737,4,25,1,45.0
2738,4,25,2,45.0
2739,4,25,3,45.0
2740,4,25,4,45.0
2741,4,25,5,46.0
2742,4,25,6,46.9
2743,4,25,7,48.9
2744,4,25,8,50.0
2745,4,25,9,51.1
2746,4,25,10,51.1
2747,4,25,11,51.1
2748,4,25,12,48.9
2749,4,25,13,48.9
2750,4,25,14,46.9
2751,4,25,15,46.9
2752,4,25,16,46.9
2753,4,25,17,46.9
2754,4,25,18,46.9
2755,4,25,19,46.9
2756,4,25,20,46.9
2757,4,25,21,48.0
2758,4,25,22,46.9
2759,4,25,23,46.9
2760,4,26,0,46.9
2761,4,26,1,46.9
2762,4,26,2,46.9
2763,4,26,3,48.9
2764,4,26,4,48.0
2765,4,26,5,46.9
2766,4,26,6,48.9
2767,4,26,7,48.9
2768,4,26,8,50.0
2769,4,26,9,52.0
2770,4,26,10,54.0
2771,4,26,11,57.9
2772,4,26,12,55.9
2773,4,26,13,57.0
2774,4,26,14,54.0
2775,4,26,15,54.0
2776,4,26,16,54.0
2777,4,26,17,57.0
2778,4,26,18,54.0
2779,4,26,19,60.1
2780,4,26,20,57.0
2781,4,26,21,55.0
2782,4,26,22,53.1
2783,4,26,23,52.0
2784,4,27,0,52.0
2785,4,27,1,52.0
2786,4,27,2,50.0
2787,4,27,3,52.0
2788,4,27,4,52.0
2789,4,27,5,54.0
2790,4,27,6,59.0
2791,4,27,7,64.9
2792,4,27,8,73.0
2793,4,27,9,80.1
2794,4,27,10,86.0
2795,4,27,11,89.1
2796,4,27,12,89.1
2797,4,27,13,82.0
2798,4,27,14,88.0
2799,4,27,15,90.0
2800,4,27,16,91.0
2801,4,27,17,89.1
2802,4,27,18,86.0
2803,4,27,19,84.9
2804,4,27,20,82.9
2805,4,27,21,81.0
2806,4,27,22,75.9
2807,4,27,23,73.0
2808,4,28,0,77.0
2809,4,28,1,75.9
2810,4,28,2,68.0
2811,4,28,3,70.0
2812,4,28,4,63.0
2813,4,28,5,72.0
2814,4,28,6,75.0
2815,4,28,7,79.0
2816,4,28,8,84.9
2817,4,28,9,88.0
2818,4,28,10,90.0
2819,4,28,11,84.0
2820,4,28,12,71.1
2821,4,28,13,61.0
2822,4,28,14,55.9
2823,4,28,15,52.0
2824,4,28,16,51.1
2825,4,28,17,50.0
2826,4,28,18,48.9
2827,4,28,19,48.0
2828,4,28,20,48.0
2829,4,28,21,46.9
2830,4,28,22,46.9
2831,4,28,23,46.9
2832,4,29,0,46.9
2833,4,29,1,46.0
2834,4,29,2,46.0
2835,4,29,3,45.0
2836,4,29,4,44.1
2837,4,29,5,43.0
2838,4,29,6,43.0
2839,4,29,7,43.0
2840,4,29,8,44.1
2841,4,29,9,44.1
2842,4,29,10,44.1
2843,4,29,11,44.1
2844,4,29,12,44.1
2845,4,29,13,44.1
2846,4,29,14,44.1
2847,4,29,15,44.1
2848,4,29,16,44.1
2849,4,29,17,44.1
2850,4,29,18,43.0
2851,4,29,19,44.1
2852,4,29,20,44.1
2853,4,29,21,44.1
2854,4,29,22,44.1
2855,4,29,23,44.1
2856,4,30,0,44.1
2857,4,30,1,44.1
2858,4,30,2,44.1
2859,4,30,3,44.1
2860,4,30,4,44.1
2861,4,30,5,45.0
2862,4,30,6,45.0
2863,4,30,7,45.0
2864,4,30,8,45.0
2865,4,30,9,46.9
2866,4,30,10,46.9
2867,4,30,11,48.0
2868,4,30,12,48.0
2869,4,30,13,46.9
2870,4,30,14,46.9
2871,4,30,15,46.9
2872,4,30,16,46.9
2873,4,30,17,46.0
2874,4,30,18,45.0
2875,4,30,19,45.0
2876,4,30,20,45.0
2877,4,30,21,43.9
2878,4,30,22,43.0
2879,4,30,23,41.9
2880,5,1,0,41.0
2881,5,1,1,39.9
2882,5,1,2,39.0
2883,5,1,3,37.9
2884,5,1,4,37.0
2885,5,1,5,37.0
2886,5,1,6,41.0
2887,5,1,7,44.1
2888,5,1,8,46.9
2889,5,1,9,48.9
2890,5,1,10,52.0
2891,5,1,11,54.0
2892,5,1,12,55.9
2893,5,1,13,55.0
2894,5,1,14,53.1
2895,5,1,15,53.1
2896,5,1,16,50.0
2897,5,1,17,48.9
2898,5,1,18,46.9
2899,5,1,19,44.1
2900,5,1,20,44.1
2901,5,1,21,43.0
2902,5,1,22,42.1
2903,5,1,23,42.1
2904,5,2,0,42.1
2905,5,2,1,41.0
2906,5,2,2,41.0
2907,5,2,3,39.9
2908,5,2,4,39.9
2909,5,2,5,41.0
2910,5,2,6,43.0
2911,5,2,7,45.0
2912,5,2,8,48.0
2913,5,2,9,51.1
2914,5,2,10,54.0
2915,5,2,11,55.9
2916,5,2,12,57.9
2917,5,2,13,61.0
2918,5,2,14,62.1
2919,5,2,15,63.0
2920,5,2,16,61.0
2921,5,2,17,60.1
2922,5,2,18,55.9
2923,5,2,19,54.0
2924,5,2,20,53.1
2925,5,2,21,51.1
2926,5,2,22,48.9
2927,5,2,23,46.0
2928,5,3,0,46.0
2929,5,3,1,46.0
2930,5,3,2,46.9
2931,5,3,3,46.9
2932,5,3,4,46.9
2933,5,3,5,46.9
2934,5,3,6,48.0
2935,5,3,7,50.0
2936,5,3,8,53.1
2937,5,3,9,54.0
2938,5,3,10,55.9
2939,5,3,11,57.9
2940,5,3,12,60.1
2941,5,3,13,57.9
2942,5,3,14,55.9
2943,5,3,15,53.1
2944,5,3,16,52.0
2945,5,3,17,52.0
2946,5,3,18,52.0
2947,5,3,19,51.1
2948,5,3,20,48.9
2949,5,3,21,48.0
2950,5,3,22,48.9
2951,5,3,23,48.9
2952,5,4,0,48.0
2953,5,4,1,45.0
2954,5,4,2,43.0
2955,5,4,3,43.0
2956,5,4,4,42.1
2957,5,4,5,43.0
2958,5,4,6,45.0
2959,5,4,7,48.0
2960,5,4,8,50.0
2961,5,4,9,53.1
2962,5,4,10,53.1
2963,5,4,11,53.1
2964,5,4,12,54.0
2965,5,4,13,54.0
2966,5,4,14,54.0
2967,5,4,15,54.0
2968,5,4,16,53.1
2969,5,4,17,53.1
2970,5,4,18,53.1
2971,5,4,19,52.0
2972,5,4,20,51.1
2973,5,4,21,51.1
2974,5,4,22,50.0
2975,5,4,23,48.9
2976,5,5,0,48.0
2977,5,5,1,48.0
2978,5,5,2,48.0
2979,5,5,3,48.0
2980,5,5,4,46.9
2981,5,5,5,46.9
2982,5,5,6,46.0
2983,5,5,7,46.0
2984,5,5,8,46.0
2985,5,5,9,45.0
2986,5,5,10,45.0
2987,5,5,11,45.0
2988,5,5,12,45.0
2989,5,5,13,46.0
2990,5,5,14,46.9
2991,5,5,15,46.9
2992,5,5,16,46.0
2993,5,5,17,46.0
2994,5,5,18,46.0
2995,5,5,19,46.0
2996,5,5,20,46.0
2997,5,5,21,46.0
2998,5,5,22,46.0
2999,5,5,23,46.0
3000,5,6,0,46.0
3001,5,6,1,46.0
3002,5,6,2,46.0
3003,5,6,3,46.0
3004,5,6,4,46.0
3005,5,6,5,46.9
3006,5,6,6,48.9
3007,5,6,7,52.0
3008,5,6,8,57.0
3009,5,6,9,57.9
3010,5,6,10,59.0
3011,5,6,11,60.1
3012,5,6,12,61.0
3013,5,6,13,61.0
3014,5,6,14,60.1
3015,5,6,15,60.1
3016,5,6,16,60.1
3017,5,6,17,57.9
3018,5,6,18,57.9
3019,5,6,19,55.9
3020,5,6,20,55.0
3021,5,6,21,55.0
3022,5,6,22,55.0
3023,5,6,23,54.0
3024,5,7,0,54.0
3025,5,7,1,54.0
3026,5,7,2,54.0
3027,5,7,3,54.0
3028,5,7,4,54.0
3029,5,7,5,55.0
3030,5,7,6,55.9
3031,5,7,7,59.0
3032,5,7,8,62.1
3033,5,7,9,64.0
3034,5,7,10,63.0
3035,5,7,11,61.0
3036,5,7,12,62.1
3037,5,7,13,61.0
3038,5,7,14,63.0
3039,5,7,15,64.9
3040,5,7,16,63.0
3041,5,7,17,60.1
3042,5,7,18,57.9
3043,5,7,19,55.9
3044,5,7,20,55.9
3045,5,7,21,57.9
3046,5,7,22,57.0
3047,5,7,23,55.9
3048,5,8,0,55.0
3049,5,8,1,55.0
3050,5,8,2,53.1
3051,5,8,3,53.1
3052,5,8,4,52.0
3053,5,8,5,53.1
3054,5,8,6,55.9
3055,5,8,7,59.0
3056,5,8,8,63.0
3057,5,8,9,64.9
3058,5,8,10,66.0
3059,5,8,11,66.0
3060,5,8,12,66.9
3061,5,8,13,66.9
3062,5,8,14,70.0
3063,5,8,15,69.1
3064,5,8,16,66.0
3065,5,8,17,62.1
3066,5,8,18,60.1
3067,5,8,19,57.9
3068,5,8,20,55.9
3069,5,8,21,55.9
3070,5,8,22,55.9
3071,5,8,23,55.9
3072,5,9,0,57.0
3073,5,9,1,59.0
3074,5,9,2,60.1
3075,5,9,3,57.0
3076,5,9,4,55.9
3077,5,9,5,55.9
3078,5,9,6,57.0
3079,5,9,7,57.9
3080,5,9,8,59.0
3081,5,9,9,60.1
3082,5,9,10,59.0
3083,5,9,11,60.1
3084,5,9,12,60.1
3085,5,9,13,61.0
3086,5,9,14,60.1
3087,5,9,15,60.1
3088,5,9,16,60.1
3089,5,9,17,59.0
3090,5,9,18,57.9
3091,5,9,19,57.9
3092,5,9,20,57.0
3093,5,9,21,57.9
3094,5,9,22,59.0
3095,5,9,23,57.9
3096,5,10,0,57.9
3097,5,10,1,57.9
3098,5,10,2,55.9
3099,5,10,3,55.0
3100,5,10,4,55.9
3101,5,10,5,57.9
3102,5,10,6,61.0
3103,5,10,7,63.0
3104,5,10,8,64.9
3105,5,10,9,66.0
3106,5,10,10,66.9
3107,5,10,11,66.9
3108,5,10,12,69.1
3109,5,10,13,68.0
3110,5,10,14,69.1
3111,5,10,15,69.1
3112,5,10,16,68.0
3113,5,10,17,64.9
3114,5,10,18,64.0
3115,5,10,19,62.1
3116,5,10,20,60.1
3117,5,10,21,59.0
3118,5,10,22,57.9
3119,5,10,23,57.9
3120,5,11,0,55.9
3121,5,11,1,55.9
3122,5,11,2,55.0
3123,5,11,3,54.0
3124,5,11,4,53.1
3125,5,11,5,55.0
3126,5,11,6,57.0
3127,5,11,7,59.0
3128,5,11,8,60.1
3129,5,11,9,62.1
3130,5,11,10,60.1
3131,5,11,11,60.1
3132,5,11,12,62.1
3133,5,11,13,64.0
3134,5,11,14,64.0
3135,5,11,15,63.0
3136,5,11,16,64.0
3137,5,11,17,64.0
3138,5,11,18,63.0
3139,5,11,19,60.1
3140,5,11,20,57.9
3141,5,11,21,55.9
3142,5,11,22,55.0
3143,5,11,23,54.0
3144,5,12,0,52.0
3145,5,12,1,52.0
3146,5,12,2,51.1
3147,5,12,3,50.0
3148,5,12,4,50.0
3149,5,12,5,53.1
3150,5,12,6,57.0
3151,5,12,7,60.1
3152,5,12,8,64.0
3153,5,12,9,68.0
3154,5,12,10,66.9
3155,5,12,11,64.9
3156,5,12,12,68.0
3157,5,12,13,70.0
3158,5,12,14,73.0
3159,5,12,15,75.9
3160,5,12,16,72.0
3161,5,12,17,69.1
3162,5,12,18,66.0
3163,5,12,19,62.1
3164,5,12,20,60.1
3165,5,12,21,59.0
3166,5,12,22,57.0
3167,5,12,23,55.9
3168,5,13,0,55.0
3169,5,13,1,55.0
3170,5,13,2,55.0
3171,5,13,3,53.1
3172,5,13,4,52.0
3173,5,13,5,52.0
3174,5,13,6,53.1
3175,5,13,7,54.0
3176,5,13,8,57.0
3177,5,13,9,59.0
3178,5,13,10,59.0
3179,5,13,11,61.0
3180,5,13,12,61.0
3181,5,13,13,64.0
3182,5,13,14,68.0
3183,5,13,15,69.1
3184,5,13,16,69.1
3185,5,13,17,64.9
3186,5,13,18,62.1
3187,5,13,19,61.0
3188,5,13,20,55.9
3189,5,13,21,55.0
3190,5,13,22,55.0
3191,5,13,23,54.0
3192,5,14,0,54.0
3193,5,14,1,53.1
3194,5,14,2,53.1
3195,5,14,3,53.1
3196,5,14,4,52.0
3197,5,14,5,53.1
3198,5,14,6,54.0
3199,5,14,7,55.9
3200,5,14,8,57.0
3201,5,14,9,57.9
3202,5,14,10,57.9
3203,5,14,11,57.9
3204,5,14,12,57.9
3205,5,14,13,57.0
3206,5,14,14,55.9
3207,5,14,15,55.0
3208,5,14,16,54.0
3209,5,14,17,53.1
3210,5,14,18,52.0
3211,5,14,19,52.0
3212,5,14,20,51.1
3213,5,14,21,51.1
3214,5,14,22,50.0
3215,5,14,23,50.0
3216,5,15,0,50.0
3217,5,15,1,50.0
3218,5,15,2,48.9
3219,5,15,3,48.9
3220,5,15,4,48.9
3221,5,15,5,48.9
3222,5,15,6,48.9
3223,5,15,7,48.9
3224,5,15,8,48.9
3225,5,15,9,50.0
3226,5,15,10,50.0
3227,5,15,11,50.0
3228,5,15,12,50.0
3229,5,15,13,51.1
3230,5,15,14,51.1
3231,5,15,15,51.1
3232,5,15,16,51.1
3233,5,15,17,51.1
3234,5,15,18,50.0
3235,5,15,19,51.1
3236,5,15,20,50.0
3237,5,15,21,50.0
3238,5,15,22,50.0
3239,5,15,23,50.0
3240,5,16,0,50.0
3241,5,16,1,50.0
3242,5,16,2,50.0
3243,5,16,3,50.0
3244,5,16,4,50.0
3245,5,16,5,50.0
3246,5,16,6,50.0
3247,5,16,7,51.1
3248,5,16,8,51.1
3249,5,16,9,51.1
3250,5,16,10,52.0
3251,5,16,11,52.0
3252,5,16,12,52.0
3253,5,16,13,51.1
3254,5,16,14,51.1
3255,5,16,15,51.1
3256,5,16,16,51.1
3257,5,16,17,51.1
3258,5,16,18,52.0
3259,5,16,19,52.0
3260,5,16,20,53.1
3261,5,16,21,53.1
3262,5,16,22,53.1
3263,5,16,23,53.1
3264,5,17,0,53.1
3265,5,17,1,53.1
3266,5,17,2,53.1
3267,5,17,3,53.1
3268,5,17,4,52.0
3269,5,17,5,52.0
3270,5,17,6,52.0
3271,5,17,7,53.1
3272,5,17,8,54.0
3273,5,17,9,55.0
3274,5,17,10,55.9
3275,5,17,11,59.0
3276,5,17,12,57.9
3277,5,17,13,57.9
3278,5,17,14,55.9
3279,5,17,15,55.0
3280,5,17,16,54.0
3281,5,17,17,52.0
3282,5,17,18,51.1
3283,5,17,19,51.1
3284,5,17,20,48.9
3285,5,17,21,48.0
3286,5,17,22,48.0
3287,5,17,23,48.9
3288,5,18,0,48.9
3289,5,18,1,50.0
3290,5,18,2,48.9
3291,5,18,3,48.9
3292,5,18,4,48.9
3293,5,18,5,48.9
3294,5,18,6,50.0
3295,5,18,7,51.1
3296,5,18,8,52.0
3297,5,18,9,54.0
3298,5,18,10,54.0
3299,5,18,11,55.0
3300,5,18,12,53.1
3301,5,18,13,53.1
3302,5,18,14,54.0
3303,5,18,15,54.0
3304,5,18,16,53.1
3305,5,18,17,54.0
3306,5,18,18,54.0
3307,5,18,19,55.0
3308,5,18,20,55.0
3309,5,18,21,55.0
3310,5,18,22,55.0
3311,5,18,23,57.9
3312,5,19,0,55.9
3313,5,19,1,54.0
3314,5,19,2,54.0
3315,5,19,3,54.0
3316,5,19,4,53.1
3317,5,19,5,53.1
3318,5,19,6,55.0
3319,5,19,7,59.0
3320,5,19,8,63.0
3321,5,19,9,66.9
3322,5,19,10,66.9
3323,5,19,11,64.9
3324,5,19,12,63.0
3325,5,19,13,64.0
3326,5,19,14,64.9
3327,5,19,15,68.0
3328,5,19,16,69.1
3329,5,19,17,66.9
3330,5,19,18,68.0
3331,5,19,19,66.0
3332,5,19,20,64.0
3333,5,19,21,62.1
3334,5,19,22,62.1
3335,5,19,23,62.1
3336,5,20,0,61.0
3337,5,20,1,60.1
3338,5,20,2,59.0
3339,5,20,3,57.9
3340,5,20,4,57.9
3341,5,20,5,61.0
3342,5,20,6,66.0
3343,5,20,7,70.0
3344,5,20,8,75.0
3345,5,20,9,79.0
3346,5,20,10,80.1
3347,5,20,11,78.1
3348,5,20,12,73.9
3349,5,20,13,73.9
3350,5,20,14,73.9
3351,5,20,15,78.1
3352,5,20,16,79.0
3353,5,20,17,77.0
3354,5,20,18,75.0
3355,5,20,19,72.0
3356,5,20,20,71.1
3357,5,20,21,69.1
3358,5,20,22,68.0
3359,5,20,23,68.0
3360,5,21,0,71.1
3361,5,21,1,66.9
3362,5,21,2,66.9
3363,5,21,3,66.9
3364,5,21,4,66.9
3365,5,21,5,68.0
3366,5,21,6,64.9
3367,5,21,7,66.0
3368,5,21,8,68.0
3369,5,21,9,70.0
3370,5,21,10,73.9
3371,5,21,11,77.0
3372,5,21,12,75.9
3373,5,21,13,77.0
3374,5,21,14,75.0
3375,5,21,15,72.0
3376,5,21,16,69.1
3377,5,21,17,66.9
3378,5,21,18,64.9
3379,5,21,19,64.0
3380,5,21,20,63.0
3381,5,21,21,62.1
3382,5,21,22,61.0
3383,5,21,23,61.0
3384,5,22,0,59.0
3385,5,22,1,59.0
3386,5,22,2,57.9
3387,5,22,3,57.9
3388,5,22,4,57.9
3389,5,22,5,57.9
3390,5,22,6,60.1
3391,5,22,7,63.0
3392,5,22,8,66.0
3393,5,22,9,69.1
3394,5,22,10,72.0
3395,5,22,11,75.0
3396,5,22,12,75.9
3397,5,22,13,77.0
3398,5,22,14,79.0
3399,5,22,15,79.0
3400,5,22,16,79.0
3401,5,22,17,78.1
3402,5,22,18,75.0
3403,5,22,19,73.9
3404,5,22,20,70.0
3405,5,22,21,69.1
3406,5,22,22,61.0
3407,5,22,23,59.0
3408,5,23,0,61.0
3409,5,23,1,60.1
3410,5,23,2,61.0
3411,5,23,3,60.1
3412,5,23,4,59.0
3413,5,23,5,61.0
3414,5,23,6,64.0
3415,5,23,7,68.0
3416,5,23,8,70.0
3417,5,23,9,73.9
3418,5,23,10,75.9
3419,5,23,11,78.1
3420,5,23,12,80.1
3421,5,23,13,82.0
3422,5,23,14,78.1
3423,5,23,15,75.0
3424,5,23,16,78.1
3425,5,23,17,75.0
3426,5,23,18,71.1
3427,5,23,19,70.0
3428,5,23,20,69.1
3429,5,23,21,68.0
3430,5,23,22,66.9
3431,5,23,23,64.0
3432,5,24,0,64.0
3433,5,24,1,60.1
3434,5,24,2,60.1
3435,5,24,3,59.0
3436,5,24,4,59.0
3437,5,24,5,61.0
3438,5,24,6,63.0
3439,5,24,7,66.0
3440,5,24,8,70.0
3441,5,24,9,73.0
3442,5,24,10,75.0
3443,5,24,11,75.0
3444,5,24,12,73.0
3445,5,24,13,71.1
3446,5,24,14,69.1
3447,5,24,15,66.9
3448,5,24,16,66.0
3449,5,24,17,64.0
3450,5,24,18,63.0
3451,5,24,19,63.0
3452,5,24,20,62.1
3453,5,24,21,60.1
3454,5,24,22,59.0
3455,5,24,23,57.9
3456,5,25,0,57.9
3457,5,25,1,57.0
3458,5,25,2,57.0
3459,5,25,3,57.0
3460,5,25,4,57.0
3461,5,25,5,57.0
3462,5,25,6,55.9
3463,5,25,7,57.0
3464,5,25,8,57.0
3465,5,25,9,57.0
3466,5,25,10,57.0
3467,5,25,11,57.0
3468,5,25,12,57.9
3469,5,25,13,57.0
3470,5,25,14,57.9
3471,5,25,15,57.9
3472,5,25,16,57.9
3473,5,25,17,59.0
3474,5,25,18,59.0
3475,5,25,19,59.0
3476,5,25,20,59.0
3477,5,25,21,59.0
3478,5,25,22,59.0
3479,5,25,23,59.0
3480,5,26,0,59.0
3481,5,26,1,59.0
3482,5,26,2,59.0
3483,5,26,3,59.0
3484,5,26,4,57.9
3485,5,26,5,57.0
3486,5,26,6,57.0
3487,5,26,7,59.0
3488,5,26,8,61.0
3489,5,26,9,63.0
3490,5,26,10,63.0
3491,5,26,11,60.1
3492,5,26,12,60.1
3493,5,26,13,60.1
3494,5,26,14,60.1
3495,5,26,15,59.0
3496,5,26,16,59.0
3497,5,26,17,59.0
3498,5,26,18,57.0
3499,5,26,19,55.9
3500,5,26,20,55.0
3501,5,26,21,55.0
3502,5,26,22,55.0
3503,5,26,23,55.0
3504,5,27,0,55.0
3505,5,27,1,55.0
3506,5,27,2,55.0
3507,5,27,3,55.0
3508,5,27,4,55.0
3509,5,27,5,55.0
3510,5,27,6,55.0
3511,5,27,7,55.9
3512,5,27,8,55.9
3513,5,27,9,55.9
3514,5,27,10,55.9
3515,5,27,11,57.9
3516,5,27,12,59.0
3517,5,27,13,59.0
3518,5,27,14,59.0
3519,5,27,15,59.0
3520,5,27,16,59.0
3521,5,27,17,57.9
3522,5,27,18,55.9
3523,5,27,19,55.0
3524,5,27,20,55.0
3525,5,27,21,55.0
3526,5,27,22,55.0
3527,5,27,23,55.0
3528,5,28,0,55.9
3529,5,28,1,55.9
3530,5,28,2,55.9
3531,5,28,3,55.9
3532,5,28,4,55.9
3533,5,28,5,57.0
3534,5,28,6,59.0
3535,5,28,7,62.1
3536,5,28,8,64.9
3537,5,28,9,68.0
3538,5,28,10,71.1
3539,5,28,11,73.9
3540,5,28,12,75.0
3541,5,28,13,75.0
3542,5,28,14,73.9
3543,5,28,15,75.0
3544,5,28,16,77.0
3545,5,28,17,75.0
3546,5,28,18,72.0
3547,5,28,19,71.1
3548,5,28,20,69.1
3549,5,28,21,68.0
3550,5,28,22,66.9
3551,5,28,23,66.0
3552,5,29,0,66.0
3553,5,29,1,66.0
3554,5,29,2,66.0
3555,5,29,3,64.9
3556,5,29,4,64.9
3557,5,29,5,66.0
3558,5,29,6,66.0
3559,5,29,7,68.0
3560,5,29,8,70.0
3561,5,29,9,73.0
3562,5,29,10,75.9
3563,5,29,11,79.0
3564,5,29,12,82.9
3565,5,29,13,86.0
3566,5,29,14,84.9
3567,5,29,15,82.9
3568,5,29,16,81.0
3569,5,29,17,78.1
3570,5,29,18,75.0
3571,5,29,19,73.9
3572,5,29,20,72.0
3573,5,29,21,69.1
3574,5,29,22,68.0
3575,5,29,23,66.0
3576,5,30,0,66.0
3577,5,30,1,64.9
3578,5,30,2,64.9
3579,5,30,3,64.0
3580,5,30,4,64.9
3581,5,30,5,64.9
3582,5,30,6,66.0
3583,5,30,7,66.9
3584,5,30,8,69.1
3585,5,30,9,70.0
3586,5,30,10,71.1
3587,5,30,11,72.0
3588,5,30,12,75.0
3589,5,30,13,77.0
3590,5,30,14,78.1
3591,5,30,15,79.0
3592,5,30,16,77.0
3593,5,30,17,73.9
3594,5,30,18,72.0
3595,5,30,19,72.0
3596,5,30,20,71.1
3597,5,30,21,66.9
3598,5,30,22,68.0
3599,5,30,23,66.9
3600,5,31,0,64.9
3601,5,31,1,63.0
3602,5,31,2,62.1
3603,5,31,3,60.1
3604,5,31,4,60.1
3605,5,31,5,59.0
3606,5,31,6,59.0
3607,5,31,7,60.1
3608,5,31,8,61.0
3609,5,31,9,61.0
3610,5,31,10,60.1
3611,5,31,11,61.0
3612,5,31,12,62.1
3613,5,31,13,63.0
3614,5,31,14,62.1
3615,5,31,15,62.1
3616,5,31,16,60.1
3617,5,31,17,59.0
3618,5,31,18,57.9
3619,5,31,19,57.9
3620,5,31,20,57.9
3621,5,31,21,59.4
3622,5,31,22,60.8
3623,5,31,23,62.2
3624,6,1,0,63.7
3625,6,1,1,65.1
3626,6,1,2,66.6
3627,6,1,3,68.0
3628,6,1,4,68.0
3629,6,1,5,66.9
3630,6,1,6,66.9
3631,6,1,7,70.0
3632,6,1,8,73.0
3633,6,1,9,75.0
3634,6,1,10,79.0
3635,6,1,11,81.0
3636,6,1,12,82.9
3637,6,1,13,82.9
3638,6,1,14,84.0
3639,6,1,15,84.9
3640,6,1,16,86.0
3641,6,1,17,84.0
3642,6,1,18,82.0
3643,6,1,19,80.1
3644,6,1,20,79.0
3645,6,1,21,77.0
3646,6,1,22,75.9
3647,6,1,23,73.0
3648,6,2,0,68.0
3649,6,2,1,68.0
3650,6,2,2,69.1
3651,6,2,3,68.0
3652,6,2,4,68.0
3653,6,2,5,63.0
3654,6,2,6,62.1
3655,6,2,7,64.0
3656,6,2,8,69.1
3657,6,2,9,72.0
3658,6,2,10,73.9
3659,6,2,11,75.0
3660,6,2,12,72.0
3661,6,2,13,68.0
3662,6,2,14,73.0
3663,6,2,15,71.1
3664,6,2,16,68.0
3665,6,2,17,66.9
3666,6,2,18,64.0
3667,6,2,19,62.1
3668,6,2,20,61.0
3669,6,2,21,59.0
3670,6,2,22,59.0
3671,6,2,23,57.9
3672,6,3,0,57.0
3673,6,3,1,55.9
3674,6,3,2,54.0
3675,6,3,3,54.0
3676,6,3,4,53.1
3677,6,3,5,54.0
3678,6,3,6,55.9
3679,6,3,7,57.9
3680,6,3,8,60.1
3681,6,3,9,63.0
3682,6,3,10,64.0
3683,6,3,11,66.9
3684,6,3,12,68.0
3685,6,3,13,70.0
3686,6,3,14,71.1
3687,6,3,15,70.0
3688,6,3,16,70.0
3689,6,3,17,69.1
3690,6,3,18,66.9
3691,6,3,19,64.9
3692,6,3,20,60.1
3693,6,3,21,59.0
3694,6,3,22,57.9
3695,6,3,23,54.0
3696,6,4,0,55.0
3697,6,4,1,52.0
3698,6,4,2,52.0
3699,6,4,3,53.1
3700,6,4,4,52.0
3701,6,4,5,55.9
3702,6,4,6,57.0
3703,6,4,7,57.9
3704,6,4,8,60.1
3705,6,4,9,61.0
3706,6,4,10,62.1
3707,6,4,11,63.0
3708,6,4,12,63.0
3709,6,4,13,63.0
3710,6,4,14,63.0
3711,6,4,15,63.0
3712,6,4,16,64.0
3713,6,4,17,66.9
3714,6,4,18,64.9
3715,6,4,19,64.0
3716,6,4,20,62.1
3717,6,4,21,61.0
3718,6,4,22,61.0
3719,6,4,23,60.1
3720,6,5,0,61.0
3721,6,5,1,61.0
3722,6,5,2,60.1
3723,6,5,3,60.1
3724,6,5,4,61.0
3725,6,5,5,62.1
3726,6,5,6,63.0
3727,6,5,7,64.0
3728,6,5,8,64.9
3729,6,5,9,66.0
3730,6,5,10,66.0
3731,6,5,11,68.0
3732,6,5,12,70.0
3733,6,5,13,70.0
3734,6,5,14,72.0
3735,6,5,15,73.0
3736,6,5,16,73.0
3737,6,5,17,73.4
3738,6,5,18,71.1
3739,6,5,19,69.1
3740,6,5,20,70.0
3741,6,5,21,71.1
3742,6,5,22,71.1
3743,6,5,23,69.8
3744,6,6,0,69.1
3745,6,6,1,66.9
3746,6,6,2,66.0
3747,6,6,3,66.9
3748,6,6,4,66.0
3749,6,6,5,68.0
3750,6,6,6,68.0
3751,6,6,7,69.1
3752,6,6,8,70.0
3753,6,6,9,66.9
3754,6,6,10,60.1
3755,6,6,11,59.0
3756,6,6,12,57.9
3757,6,6,13,57.9
3758,6,6,14,57.0
3759,6,6,15,55.9
3760,6,6,16,55.0
3761,6,6,17,55.0
3762,6,6,18,55.0
3763,6,6,19,54.0
3764,6,6,20,55.0
3765,6,6,21,55.0
3766,6,6,22,54.0
3767,6,6,23,54.0
3768,6,7,0,54.0
3769,6,7,1,54.0
3770,6,7,2,54.0
3771,6,7,3,53.6
3772,6,7,4,54.0
3773,6,7,5,55.4
3774,6,7,6,55.9
3775,6,7,7,55.0
3776,6,7,8,55.0
3777,6,7,9,53.1
3778,6,7,10,51.8
3779,6,7,11,52.0
3780,6,7,12,52.0
3781,6,7,13,54.0
3782,6,7,14,55.9
3783,6,7,15,57.9
3784,6,7,16,55.9
3785,6,7,17,55.9
3786,6,7,18,55.0
3787,6,7,19,53.1
3788,6,7,20,51.1
3789,6,7,21,51.1
3790,6,7,22,50.0
3791,6,7,23,48.0
3792,6,8,0,48.9
3793,6,8,1,48.0
3794,6,8,2,48.0
3795,6,8,3,48.0
3796,6,8,4,48.0
3797,6,8,5,51.1
3798,6,8,6,55.0
3799,6,8,7,55.9
3800,6,8,8,57.0
3801,6,8,9,57.0
3802,6,8,10,60.1
3803,6,8,11,60.1
3804,6,8,12,61.0
3805,6,8,13,62.1
3806,6,8,14,62.1
3807,6,8,15,62.1
3808,6,8,16,61.0
3809,6,8,17,60.1
3810,6,8,18,60.1
3811,6,8,19,60.1
3812,6,8,20,57.9
3813,6,8,21,55.9
3814,6,8,22,55.0
3815,6,8,23,55.0
3816,6,9,0,54.0
3817,6,9,1,53.1
3818,6,9,2,54.0
3819,6,9,3,54.0
3820,6,9,4,54.0
3821,6,9,5,55.9
3822,6,9,6,57.9
3823,6,9,7,62.1
3824,6,9,8,63.0
3825,6,9,9,64.9
3826,6,9,10,71.1
3827,6,9,11,73.9
3828,6,9,12,77.0
3829,6,9,13,79.0
3830,6,9,14,81.0
3831,6,9,15,81.0
3832,6,9,16,81.0
3833,6,9,17,80.1
3834,6,9,18,78.1
3835,6,9,19,77.0
3836,6,9,20,75.9
3837,6,9,21,73.0
3838,6,9,22,73.0
3839,6,9,23,70.0
3840,6,10,0,68.0
3841,6,10,1,66.9
3842,6,10,2,64.0
3843,6,10,3,63.0
3844,6,10,4,62.1
3845,6,10,5,63.0
3846,6,10,6,64.0
3847,6,10,7,66.0
3848,6,10,8,68.0
3849,6,10,9,68.0
3850,6,10,10,64.9
3851,6,10,11,66.9
3852,6,10,12,68.0
3853,6,10,13,73.0
3854,6,10,14,73.9
3855,6,10,15,71.1
3856,6,10,16,70.0
3857,6,10,17,69.1
3858,6,10,18,66.0
3859,6,10,19,66.9
3860,6,10,20,64.0
3861,6,10,21,62.1
3862,6,10,22,61.0
3863,6,10,23,61.0
3864,6,11,0,59.0
3865,6,11,1,59.0
3866,6,11,2,59.0
3867,6,11,3,60.1
3868,6,11,4,61.0
3869,6,11,5,61.0
3870,6,11,6,63.0
3871,6,11,7,66.0
3872,6,11,8,71.1
3873,6,11,9,75.9
3874,6,11,10,80.1
3875,6,11,11,82.9
3876,6,11,12,86.0
3877,6,11,13,88.0
3878,6,11,14,89.1
3879,6,11,15,64.0
3880,6,11,16,61.0
3881,6,11,17,59.0
3882,6,11,18,57.0
3883,6,11,19,57.0
3884,6,11,20,55.9
3885,6,11,21,55.9
3886,6,11,22,55.9
3887,6,11,23,55.0
3888,6,12,0,55.0
3889,6,12,1,54.0
3890,6,12,2,54.0
3891,6,12,3,54.0
3892,6,12,4,54.0
3893,6,12,5,54.0
3894,6,12,6,54.0
3895,6,12,7,55.0
3896,6,12,8,55.0
3897,6,12,9,55.0
3898,6,12,10,55.9
3899,6,12,11,55.0
3900,6,12,12,55.0
3901,6,12,13,55.0
3902,6,12,14,54.0
3903,6,12,15,53.6
3904,6,12,16,53.1
3905,6,12,17,53.1
3906,6,12,18,52.0
3907,6,12,19,52.0
3908,6,12,20,52.0
3909,6,12,21,52.0
3910,6,12,22,51.1
3911,6,12,23,51.1
3912,6,13,0,51.1
3913,6,13,1,51.1
3914,6,13,2,51.1
3915,6,13,3,51.1
3916,6,13,4,51.1
3917,6,13,5,51.1
3918,6,13,6,53.1
3919,6,13,7,54.0
3920,6,13,8,55.0
3921,6,13,9,55.0
3922,6,13,10,55.0
3923,6,13,11,57.0
3924,6,13,12,57.9
3925,6,13,13,60.1
3926,6,13,14,61.0
3927,6,13,15,60.1
3928,6,13,16,57.9
3929,6,13,17,57.9
3930,6,13,18,57.9
3931,6,13,19,62.1
3932,6,13,20,61.0
3933,6,13,21,60.1
3934,6,13,22,57.9
3935,6,13,23,57.0
3936,6,14,0,55.9
3937,6,14,1,55.9
3938,6,14,2,55.0
3939,6,14,3,55.0
3940,6,14,4,55.0
3941,6,14,5,55.0
3942,6,14,6,55.9
3943,6,14,7,59.0
3944,6,14,8,60.1
3945,6,14,9,60.1
3946,6,14,10,57.9
3947,6,14,11,57.9
3948,6,14,12,57.0
3949,6,14,13,55.9
3950,6,14,14,55.9
3951,6,14,15,55.9
3952,6,14,16,55.0
3953,6,14,17,55.0
3954,6,14,18,54.0
3955,6,14,19,54.0
3956,6,14,20,54.0
3957,6,14,21,53.6
3958,6,14,22,54.0
3959,6,14,23,54.0
3960,6,15,0,53.1
3961,6,15,1,53.1
3962,6,15,2,53.1
3963,6,15,3,53.1
3964,6,15,4,52.0
3965,6,15,5,53.1
3966,6,15,6,53.1
3967,6,15,7,53.1
3968,6,15,8,53.1
3969,6,15,9,54.0
3970,6,15,10,55.4
3971,6,15,11,55.0
3972,6,15,12,55.0
3973,6,15,13,55.0
3974,6,15,14,54.0
3975,6,15,15,53.6
3976,6,15,16,53.1
3977,6,15,17,52.0
3978,6,15,18,52.0
3979,6,15,19,51.1
3980,6,15,20,50.0
3981,6,15,21,50.0
3982,6,15,22,50.0
3983,6,15,23,50.0
3984,6,16,0,50.0
3985,6,16,1,50.0
3986,6,16,2,50.0
3987,6,16,3,51.1
3988,6,16,4,51.1
3989,6,16,5,51.1
3990,6,16,6,52.0
3991,6,16,7,52.0
3992,6,16,8,52.0
3993,6,16,9,52.0
3994,6,16,10,53.1
3995,6,16,11,54.0
3996,6,16,12,55.9
3997,6,16,13,57.0
3998,6,16,14,57.0
3999,6,16,15,57.0
4000,6,16,16,55.0
4001,6,16,17,55.0
4002,6,16,18,54.0
4003,6,16,19,55.0
4004,6,16,20,55.9
4005,6,16,21,55.9
4006,6,16,22,55.9
4007,6,16,23,55.0
4008,6,17,0,55.9
4009,6,17,1,55.9
4010,6,17,2,55.9
4011,6,17,3,55.9
4012,6,17,4,55.9
4013,6,17,5,57.0
4014,6,17,6,57.9
4015,6,17,7,61.0
4016,6,17,8,66.9
4017,6,17,9,70.0
4018,6,17,10,72.0
4019,6,17,11,73.0
4020,6,17,12,73.9
4021,6,17,13,75.0
4022,6,17,14,75.0
4023,6,17,15,75.9
4024,6,17,16,75.0
4025,6,17,17,75.9
4026,6,17,18,73.9
4027,6,17,19,66.2
4028,6,17,20,62.1
4029,6,17,21,62.1
4030,6,17,22,61.0
4031,6,17,23,61.0
4032,6,18,0,62.1
4033,6,18,1,59.0
4034,6,18,2,60.1
4035,6,18,3,59.0
4036,6,18,4,60.1
4037,6,18,5,63.0
4038,6,18,6,64.0
4039,6,18,7,66.0
4040,6,18,8,68.0
4041,6,18,9,70.0
4042,6,18,10,72.0
4043,6,18,11,73.9
4044,6,18,12,73.9
4045,6,18,13,75.9
4046,6,18,14,77.0
4047,6,18,15,77.0
4048,6,18,16,77.0
4049,6,18,17,77.0
4050,6,18,18,68.0
4051,6,18,19,66.0
4052,6,18,20,63.0
4053,6,18,21,62.1
4054,6,18,22,61.0
4055,6,18,23,62.1
4056,6,19,0,66.0
4057,6,19,1,64.0
4058,6,19,2,64.0
4059,6,19,3,63.0
4060,6,19,4,63.0
4061,6,19,5,63.0
4062,6,19,6,64.0
4063,6,19,7,64.9
4064,6,19,8,64.0
4065,6,19,9,63.0
4066,6,19,10,62.1
4067,6,19,11,64.0
4068,6,19,12,66.9
4069,6,19,13,68.0
4070,6,19,14,66.9
4071,6,19,15,64.9
4072,6,19,16,66.0
4073,6,19,17,64.0
4074,6,19,18,61.0
4075,6,19,19,60.1
4076,6,19,20,59.0
4077,6,19,21,61.0
4078,6,19,22,60.1
4079,6,19,23,60.1
4080,6,20,0,59.0
4081,6,20,1,59.0
4082,6,20,2,57.9
4083,6,20,3,57.0
4084,6,20,4,60.1
4085,6,20,5,61.0
4086,6,20,6,64.0
4087,6,20,7,64.0
4088,6,20,8,64.9
4089,6,20,9,66.0
4090,6,20,10,68.0
4091,6,20,11,66.9
4092,6,20,12,66.9
4093,6,20,13,69.1
4094,6,20,14,73.0
4095,6,20,15,73.0
4096,6,20,16,72.0
4097,6,20,17,70.0
4098,6,20,18,73.0
4099,6,20,19,70.0
4100,6,20,20,68.0
4101,6,20,21,64.9
4102,6,20,22,64.0
4103,6,20,23,62.1
4104,6,21,0,63.0
4105,6,21,1,62.1
4106,6,21,2,61.0
4107,6,21,3,61.0
4108,6,21,4,61.0
4109,6,21,5,63.0
4110,6,21,6,66.9
4111,6,21,7,71.1
4112,6,21,8,75.0
4113,6,21,9,78.1
4114,6,21,10,81.0
4115,6,21,11,82.9
4116,6,21,12,84.0
4117,6,21,13,82.9
4118,6,21,14,82.9
4119,6,21,15,82.0
4120,6,21,16,81.0
4121,6,21,17,79.0
4122,6,21,18,75.9
4123,6,21,19,75.0
4124,6,21,20,71.1
4125,6,21,21,70.0
4126,6,21,22,69.1
4127,6,21,23,68.0
4128,6,22,0,68.0
4129,6,22,1,68.0
4130,6,22,2,68.0
4131,6,22,3,68.0
4132,6,22,4,68.0
4133,6,22,5,69.1
4134,6,22,6,72.0
4135,6,22,7,75.0
4136,6,22,8,78.1
4137,6,22,9,82.0
4138,6,22,10,82.0
4139,6,22,11,79.0
4140,6,22,12,77.0
4141,6,22,13,73.9
4142,6,22,14,71.1
4143,6,22,15,70.0
4144,6,22,16,69.1
4145,6,22,17,66.0
4146,6,22,18,64.9
4147,6,22,19,63.0
4148,6,22,20,63.0
4149,6,22,21,63.0
4150,6,22,22,63.0
4151,6,22,23,63.0
4152,6,23,0,62.1
4153,6,23,1,61.0
4154,6,23,2,62.1
4155,6,23,3,60.8
4156,6,23,4,61.0
4157,6,23,5,61.0
4158,6,23,6,60.1
4159,6,23,7,63.0
4160,6,23,8,66.0
4161,6,23,9,68.0
4162,6,23,10,71.1
4163,6,23,11,73.9
4164,6,23,12,73.0
4165,6,23,13,69.1
4166,6,23,14,71.1
4167,6,23,15,72.0
4168,6,23,16,70.0
4169,6,23,17,75.9
4170,6,23,18,80.1
4171,6,23,19,79.0
4172,6,23,20,77.0
4173,6,23,21,77.0
4174,6,23,22,77.0
4175,6,23,23,75.0
4176,6,24,0,73.9
4177,6,24,1,75.9
4178,6,24,2,75.9
4179,6,24,3,75.9
4180,6,24,4,75.9
4181,6,24,5,75.9
4182,6,24,6,75.9
4183,6,24,7,75.9
4184,6,24,8,77.0
4185,6,24,9,78.1
4186,6,24,10,80.1
4187,6,24,11,81.0
4188,6,24,12,82.9
4189,6,24,13,84.0
4190,6,24,14,84.9
4191,6,24,15,86.0
4192,6,24,16,84.9
4193,6,24,17,82.9
4194,6,24,18,81.0
4195,6,24,19,78.1
4196,6,24,20,75.9
4197,6,24,21,73.9
4198,6,24,22,72.0
4199,6,24,23,69.1
4200,6,25,0,69.1
4201,6,25,1,66.0
4202,6,25,2,66.0
4203,6,25,3,64.9
4204,6,25,4,64.9
4205,6,25,5,66.9
4206,6,25,6,71.1
4207,6,25,7,73.9
4208,6,25,8,71.1
4209,6,25,9,72.0
4210,6,25,10,73.9
4211,6,25,11,73.9
4212,6,25,12,73.0
4213,6,25,13,77.0
4214,6,25,14,84.0
4215,6,25,15,84.0
4216,6,25,16,81.0
4217,6,25,17,79.0
4218,6,25,18,75.9
4219,6,25,19,73.0
4220,6,25,20,72.0
4221,6,25,21,71.1
4222,6,25,22,71.1
4223,6,25,23,69.1
4224,6,26,0,68.0
4225,6,26,1,68.0
4226,6,26,2,69.1
4227,6,26,3,70.0
4228,6,26,4,70.0
4229,6,26,5,71.1
4230,6,26,6,73.9
4231,6,26,7,77.0
4232,6,26,8,81.0
4233,6,26,9,84.9
4234,6,26,10,88.0
4235,6,26,11,91.0
4236,6,26,12,91.9
4237,6,26,13,91.9
4238,6,26,14,91.0
4239,6,26,15,91.9
4240,6,26,16,88.0
4241,6,26,17,88.0
4242,6,26,18,84.9
4243,6,26,19,82.9
4244,6,26,20,82.0
4245,6,26,21,80.1
4246,6,26,22,77.0
4247,6,26,23,78.1
4248,6,27,0,75.9
4249,6,27,1,77.0
4250,6,27,2,75.9
4251,6,27,3,75.0
4252,6,27,4,75.9
4253,6,27,5,77.0
4254,6,27,6,80.1
4255,6,27,7,82.9
4256,6,27,8,84.0
4257,6,27,9,84.9
4258,6,27,10,88.0
4259,6,27,11,88.0
4260,6,27,12,90.0
4261,6,27,13,91.0
4262,6,27,14,91.0
4263,6,27,15,89.1
4264,6,27,16,88.0
4265,6,27,17,75.0
4266,6,27,18,75.0
4267,6,27,19,72.0
4268,6,27,20,73.4
4269,6,27,21,72.0
4270,6,27,22,72.0
4271,6,27,23,71.1
4272,6,28,0,70.0
4273,6,28,1,70.0
4274,6,28,2,71.1
4275,6,28,3,71.1
4276,6,28,4,72.0
4277,6,28,5,73.0
4278,6,28,6,73.9
4279,6,28,7,75.9
4280,6,28,8,77.0
4281,6,28,9,80.1
4282,6,28,10,82.0
4283,6,28,11,82.9
4284,6,28,12,82.9
4285,6,28,13,84.0
4286,6,28,14,77.0
4287,6,28,15,77.0
4288,6,28,16,75.9
4289,6,28,17,77.0
4290,6,28,18,72.0
4291,6,28,19,71.1
4292,6,28,20,73.0
4293,6,28,21,73.9
4294,6,28,22,73.9
4295,6,28,23,72.0
4296,6,29,0,72.0
4297,6,29,1,72.0
4298,6,29,2,71.1
4299,6,29,3,71.1
4300,6,29,4,71.1
4301,6,29,5,72.0
4302,6,29,6,73.0
4303,6,29,7,73.9
4304,6,29,8,75.9
4305,6,29,9,75.0
4306,6,29,10,73.9
4307,6,29,11,73.0
4308,6,29,12,72.0
4309,6,29,13,72.0
4310,6,29,14,71.1
4311,6,29,15,70.0
4312,6,29,16,70.0
4313,6,29,17,68.0
4314,6,29,18,66.9
4315,6,29,19,64.9
4316,6,29,20,63.0
4317,6,29,21,64.0
4318,6,29,22,64.9
4319,6,29,23,66.0
4320,6,30,0,64.9
4321,6,30,1,64.0
4322,6,30,2,64.9
4323,6,30,3,64.9
4324,6,30,4,64.9
4325,6,30,5,64.0
4326,6,30,6,66.9
4327,6,30,7,71.1
4328,6,30,8,73.9
4329,6,30,9,75.0
4330,6,30,10,75.9
4331,6,30,11,78.1
4332,6,30,12,81.0
4333,6,30,13,78.1
4334,6,30,14,82.0
4335,6,30,15,81.0
4336,6,30,16,81.0
4337,6,30,17,79.0
4338,6,30,18,77.0
4339,6,30,19,75.0
4340,6,30,20,73.0
4341,6,30,21,70.9
4342,6,30,22,68.7
4343,6,30,23,66.6
4344,7,1,0,64.4
4345,7,1,1,62.2
4346,7,1,2,60.1
4347,7,1,3,57.9
4348,7,1,4,57.9
4349,7,1,5,59.0
4350,7,1,6,60.1
4351,7,1,7,63.0
4352,7,1,8,64.9
4353,7,1,9,66.0
4354,7,1,10,68.0
4355,7,1,11,68.0
4356,7,1,12,66.9
4357,7,1,13,66.9
4358,7,1,14,66.0
4359,7,1,15,64.9
4360,7,1,16,64.9
4361,7,1,17,64.9
4362,7,1,18,64.9
4363,7,1,19,63.0
4364,7,1,20,62.1
4365,7,1,21,62.1
4366,7,1,22,62.1
4367,7,1,23,62.1
4368,7,2,0,62.1
4369,7,2,1,62.1
4370,7,2,2,62.1
4371,7,2,3,62.1
4372,7,2,4,63.0
4373,7,2,5,62.1
4374,7,2,6,62.1
4375,7,2,7,63.0
4376,7,2,8,64.0
4377,7,2,9,64.9
4378,7,2,10,66.0
4379,7,2,11,68.0
4380,7,2,12,68.0
4381,7,2,13,66.9
4382,7,2,14,66.9
4383,7,2,15,66.9
4384,7,2,16,64.0
4385,7,2,17,64.0
4386,7,2,18,63.0
4387,7,2,19,62.1
4388,7,2,20,61.0
4389,7,2,21,61.0
4390,7,2,22,61.0
4391,7,2,23,61.0
4392,7,3,0,61.0
4393,7,3,1,61.0
4394,7,3,2,61.0
4395,7,3,3,62.1
4396,7,3,4,62.1
4397,7,3,5,62.1
4398,7,3,6,64.0
4399,7,3,7,64.9
4400,7,3,8,66.0
4401,7,3,9,68.0
4402,7,3,10,70.0
4403,7,3,11,71.1
4404,7,3,12,72.0
4405,7,3,13,71.1
4406,7,3,14,69.1
4407,7,3,15,69.1
4408,7,3,16,70.0
4409,7,3,17,72.0
4410,7,3,18,77.0
4411,7,3,19,75.0
4412,7,3,20,73.9
4413,7,3,21,73.9
4414,7,3,22,73.0
4415,7,3,23,72.0
4416,7,4,0,72.0
4417,7,4,1,71.1
4418,7,4,2,71.1
4419,7,4,3,71.1
4420,7,4,4,71.1
4421,7,4,5,72.0
4422,7,4,6,73.0
4423,7,4,7,75.0
4424,7,4,8,78.1
4425,7,4,9,79.0
4426,7,4,10,82.0
4427,7,4,11,82.0
4428,7,4,12,81.0
4429,7,4,13,78.1
4430,7,4,14,75.9
4431,7,4,15,77.0
4432,7,4,16,75.0
4433,7,4,17,75.0
4434,7,4,18,73.9
4435,7,4,19,73.9
4436,7,4,20,73.0
4437,7,4,21,71.1
4438,7,4,22,71.1
4439,7,4,23,70.0
4440,7,5,0,68.0
4441,7,5,1,68.0
4442,7,5,2,66.0
4443,7,5,3,64.9
4444,7,5,4,66.0
4445,7,5,5,66.0
4446,7,5,6,68.0
4447,7,5,7,69.1
4448,7,5,8,72.0
4449,7,5,9,70.0
4450,7,5,10,73.9
4451,7,5,11,73.9
4452,7,5,12,73.9
4453,7,5,13,75.9
4454,7,5,14,75.9
4455,7,5,15,73.9
4456,7,5,16,73.0
4457,7,5,17,73.0
4458,7,5,18,72.0
4459,7,5,19,72.0
4460,7,5,20,72.0
4461,7,5,21,72.0
4462,7,5,22,71.1
4463,7,5,23,71.1
4464,7,6,0,71.1
4465,7,6,1,72.0
4466,7,6,2,71.1
4467,7,6,3,71.1
4468,7,6,4,71.1
4469,7,6,5,73.0
4470,7,6,6,72.0
4471,7,6,7,73.9
4472,7,6,8,75.9
4473,7,6,9,80.1
4474,7,6,10,82.9
4475,7,6,11,84.0
4476,7,6,12,84.9
4477,7,6,13,84.0
4478,7,6,14,88.0
4479,7,6,15,82.9
4480,7,6,16,82.0
4481,7,6,17,82.0
4482,7,6,18,84.9
4483,7,6,19,84.0
4484,7,6,20,82.0
4485,7,6,21,81.0
4486,7,6,22,80.1
4487,7,6,23,78.1
4488,7,7,0,78.1
4489,7,7,1,77.0
4490,7,7,2,75.9
4491,7,7,3,75.0
4492,7,7,4,75.0
4493,7,7,5,75.0
4494,7,7,6,79.0
4495,7,7,7,82.9
4496,7,7,8,84.9
4497,7,7,9,88.0
4498,7,7,10,89.1
4499,7,7,11,91.9
4500,7,7,12,93.0
4501,7,7,13,93.0
4502,7,7,14,91.9
4503,7,7,15,91.9
4504,7,7,16,91.0
4505,7,7,17,88.0
4506,7,7,18,87.1
4507,7,7,19,84.0
4508,7,7,20,84.0
4509,7,7,21,82.0
4510,7,7,22,81.0
4511,7,7,23,78.1
4512,7,8,0,78.1
4513,7,8,1,75.9
4514,7,8,2,72.0
4515,7,8,3,73.0
4516,7,8,4,73.0
4517,7,8,5,75.9
4518,7,8,6,80.1
4519,7,8,7,84.0
4520,7,8,8,86.0
4521,7,8,9,89.1
4522,7,8,10,90.0
4523,7,8,11,93.9
4524,7,8,12,96.1
4525,7,8,13,97.0
4526,7,8,14,97.0
4527,7,8,15,96.1
4528,7,8,16,95.0
4529,7,8,17,95.0
4530,7,8,18,91.9
4531,7,8,19,90.0
4532,7,8,20,87.1
4533,7,8,21,84.9
4534,7,8,22,84.9
4535,7,8,23,84.9
4536,7,9,0,82.0
4537,7,9,1,82.0
4538,7,9,2,81.0
4539,7,9,3,80.1
4540,7,9,4,79.0
4541,7,9,5,80.1
4542,7,9,6,82.9
4543,7,9,7,82.0
4544,7,9,8,88.0
4545,7,9,9,90.0
4546,7,9,10,93.0
4547,7,9,11,93.9
4548,7,9,12,97.0
4549,7,9,13,98.1
4550,7,9,14,99.0
4551,7,9,15,97.0
4552,7,9,16,96.1
4553,7,9,17,93.9
4554,7,9,18,93.0
4555,7,9,19,91.0
4556,7,9,20,88.0
4557,7,9,21,77.0
4558,7,9,22,77.0
4559,7,9,23,80.1
4560,7,10,0,80.1
4561,7,10,1,80.1
4562,7,10,2,79.0
4563,7,10,3,75.9
4564,7,10,4,75.9
4565,7,10,5,77.0
4566,7,10,6,79.0
4567,7,10,7,80.1
4568,7,10,8,82.9
4569,7,10,9,84.0
4570,7,10,10,81.0
4571,7,10,11,82.9
4572,7,10,12,88.0
4573,7,10,13,88.0
4574,7,10,14,88.0
4575,7,10,15,88.0
4576,7,10,16,88.0
4577,7,10,17,87.1
4578,7,10,18,84.9
4579,7,10,19,84.0
4580,7,10,20,82.9
4581,7,10,21,75.9
4582,7,10,22,75.0
4583,7,10,23,75.0
4584,7,11,0,75.9
4585,7,11,1,73.9
4586,7,11,2,73.9
4587,7,11,3,73.0
4588,7,11,4,73.0
4589,7,11,5,75.0
4590,7,11,6,79.0
4591,7,11,7,82.0
4592,7,11,8,84.0
4593,7,11,9,88.0
4594,7,11,10,89.1
4595,7,11,11,90.0
4596,7,11,12,91.9
4597,7,11,13,91.9
4598,7,11,14,91.0
4599,7,11,15,91.9
4600,7,11,16,90.0
4601,7,11,17,88.0
4602,7,11,18,87.1
4603,7,11,19,84.9
4604,7,11,20,82.0
4605,7,11,21,81.0
4606,7,11,22,79.0
4607,7,11,23,78.1
4608,7,12,0,77.0
4609,7,12,1,75.9
4610,7,12,2,75.9
4611,7,12,3,72.0
4612,7,12,4,71.1
4613,7,12,5,71.1
4614,7,12,6,73.0
4615,7,12,7,75.9
4616,7,12,8,75.9
4617,7,12,9,80.1
4618,7,12,10,82.0
4619,7,12,11,82.9
4620,7,12,12,84.9
4621,7,12,13,84.0
4622,7,12,14,84.0
4623,7,12,15,79.0
4624,7,12,16,84.0
4625,7,12,17,82.0
4626,7,12,18,78.1
4627,7,12,19,77.0
4628,7,12,20,75.0
4629,7,12,21,75.9
4630,7,12,22,75.9
4631,7,12,23,75.0
4632,7,13,0,75.0
4633,7,13,1,75.0
4634,7,13,2,73.0
4635,7,13,3,71.1
4636,7,13,4,71.1
4637,7,13,5,72.0
4638,7,13,6,72.0
4639,7,13,7,72.0
4640,7,13,8,78.1
4641,7,13,9,84.0
4642,7,13,10,86.0
4643,7,13,11,84.9
4644,7,13,12,82.9
4645,7,13,13,81.0
4646,7,13,14,80.1
4647,7,13,15,72.0
4648,7,13,16,72.0
4649,7,13,17,71.1
4650,7,13,18,71.1
4651,7,13,19,66.9
4652,7,13,20,66.9
4653,7,13,21,68.0
4654,7,13,22,69.1
4655,7,13,23,69.1
4656,7,14,0,69.1
4657,7,14,1,69.1
4658,7,14,2,66.9
4659,7,14,3,69.1
4660,7,14,4,69.1
4661,7,14,5,70.0
4662,7,14,6,73.0
4663,7,14,7,75.0
4664,7,14,8,75.0
4665,7,14,9,75.9
4666,7,14,10,78.1
4667,7,14,11,75.0
4668,7,14,12,78.1
4669,7,14,13,78.1
4670,7,14,14,75.9
4671,7,14,15,77.0
4672,7,14,16,75.0
4673,7,14,17,75.0
4674,7,14,18,73.0
4675,7,14,19,70.0
4676,7,14,20,69.1
4677,7,14,21,69.1
4678,7,14,22,68.0
4679,7,14,23,66.9
4680,7,15,0,66.0
4681,7,15,1,64.0
4682,7,15,2,64.0
4683,7,15,3,64.0
4684,7,15,4,63.0
4685,7,15,5,64.9
4686,7,15,6,68.0
4687,7,15,7,70.0
4688,7,15,8,73.9
4689,7,15,9,77.0
4690,7,15,10,80.1
4691,7,15,11,82.0
4692,7,15,12,84.9
4693,7,15,13,82.0
4694,7,15,14,84.0
4695,7,15,15,82.9
4696,7,15,16,84.0
4697,7,15,17,82.0
4698,7,15,18,81.0
4699,7,15,19,78.1
4700,7,15,20,75.9
4701,7,15,21,75.0
4702,7,15,22,73.9
4703,7,15,23,72.0
4704,7,16,0,71.1
4705,7,16,1,70.0
4706,7,16,2,69.1
4707,7,16,3,68.0
4708,7,16,4,66.9
4709,7,16,5,68.0
4710,7,16,6,73.0
4711,7,16,7,75.9
4712,7,16,8,79.0
4713,7,16,9,82.0
4714,7,16,10,82.9
4715,7,16,11,84.9
4716,7,16,12,84.9
4717,7,16,13,86.0
4718,7,16,14,84.9
4719,7,16,15,87.1
4720,7,16,16,80.1
4721,7,16,17,78.1
4722,7,16,18,75.0
4723,7,16,19,73.9
4724,7,16,20,73.9
4725,7,16,21,73.0
4726,7,16,22,72.0
4727,7,16,23,71.1
4728,7,17,0,72.0
4729,7,17,1,71.1
4730,7,17,2,72.0
4731,7,17,3,70.0
4732,7,17,4,69.1
4733,7,17,5,72.0
4734,7,17,6,73.9
4735,7,17,7,78.1
4736,7,17,8,79.0
4737,7,17,9,81.0
4738,7,17,10,79.0
4739,7,17,11,79.0
4740,7,17,12,78.1
4741,7,17,13,75.0
4742,7,17,14,78.1
4743,7,17,15,77.0
4744,7,17,16,75.0
4745,7,17,17,75.0
4746,7,17,18,73.9
4747,7,17,19,75.9
4748,7,17,20,75.0
4749,7,17,21,73.0
4750,7,17,22,72.0
4751,7,17,23,71.1
4752,7,18,0,69.1
4753,7,18,1,69.1
4754,7,18,2,69.1
4755,7,18,3,68.0
4756,7,18,4,68.0
4757,7,18,5,70.0
4758,7,18,6,72.0
4759,7,18,7,75.9
4760,7,18,8,79.0
4761,7,18,9,81.0
4762,7,18,10,82.9
4763,7,18,11,81.0
4764,7,18,12,81.0
4765,7,18,13,81.0
4766,7,18,14,81.0
4767,7,18,15,78.1
4768,7,18,16,75.0
4769,7,18,17,75.0
4770,7,18,18,73.9
4771,7,18,19,70.0
4772,7,18,20,69.1
4773,7,18,21,68.0
4774,7,18,22,69.1
4775,7,18,23,68.0
4776,7,19,0,68.0
4777,7,19,1,66.9
4778,7,19,2,66.0
4779,7,19,3,64.9
4780,7,19,4,66.0
4781,7,19,5,66.9
4782,7,19,6,69.1
4783,7,19,7,73.0
4784,7,19,8,75.0
4785,7,19,9,73.9
4786,7,19,10,73.9
4787,7,19,11,77.0
4788,7,19,12,78.1
4789,7,19,13,75.0
4790,7,19,14,75.0
4791,7,19,15,75.0
4792,7,19,16,73.9
4793,7,19,17,72.0
4794,7,19,18,70.0
4795,7,19,19,69.1
4796,7,19,20,69.1
4797,7,19,21,69.1
4798,7,19,22,69.1
4799,7,19,23,69.1
4800,7,20,0,69.1
4801,7,20,1,69.1
4802,7,20,2,69.1
4803,7,20,3,69.1
4804,7,20,4,70.0
4805,7,20,5,71.1
4806,7,20,6,72.0
4807,7,20,7,73.9
4808,7,20,8,73.9
4809,7,20,9,73.9
4810,7,20,10,77.0
4811,7,20,11,75.9
4812,7,20,12,75.9
4813,7,20,13,75.0
4814,7,20,14,75.0
4815,7,20,15,72.0
4816,7,20,16,71.1
4817,7,20,17,71.1
4818,7,20,18,69.1
4819,7,20,19,69.1
4820,7,20,20,71.1
4821,7,20,21,72.0
4822,7,20,22,73.0
4823,7,20,23,73.9
4824,7,21,0,73.9
4825,7,21,1,75.0
4826,7,21,2,75.0
4827,7,21,3,73.9
4828,7,21,4,73.9
4829,7,21,5,73.9
4830,7,21,6,77.0
4831,7,21,7,78.1
4832,7,21,8,81.0
4833,7,21,9,84.0
4834,7,21,10,84.0
4835,7,21,11,84.9
4836,7,21,12,86.0
4837,7,21,13,90.0
4838,7,21,14,91.0
4839,7,21,15,77.0
4840,7,21,16,75.9
4841,7,21,17,75.9
4842,7,21,18,78.1
4843,7,21,19,78.1
4844,7,21,20,77.0
4845,7,21,21,75.9
4846,7,21,22,75.0
4847,7,21,23,75.0
4848,7,22,0,73.9
4849,7,22,1,73.0
4850,7,22,2,73.0
4851,7,22,3,72.0
4852,7,22,4,70.0
4853,7,22,5,70.0
4854,7,22,6,71.1
4855,7,22,7,71.1
4856,7,22,8,72.0
4857,7,22,9,73.9
4858,7,22,10,75.9
4859,7,22,11,75.0
4860,7,22,12,75.9
4861,7,22,13,73.9
4862,7,22,14,75.9
4863,7,22,15,75.0
4864,7,22,16,73.0
4865,7,22,17,72.0
4866,7,22,18,71.1
4867,7,22,19,71.1
4868,7,22,20,73.9
4869,7,22,21,71.1
4870,7,22,22,69.1
4871,7,22,23,68.0
4872,7,23,0,66.0
4873,7,23,1,64.9
4874,7,23,2,64.0
4875,7,23,3,63.0
4876,7,23,4,62.1
4877,7,23,5,64.0
4878,7,23,6,68.0
4879,7,23,7,71.1
4880,7,23,8,78.1
4881,7,23,9,77.0
4882,7,23,10,78.1
4883,7,23,11,77.0
4884,7,23,12,75.0
4885,7,23,13,75.9
4886,7,23,14,75.9
4887,7,23,15,75.0
4888,7,23,16,72.0
4889,7,23,17,70.0
4890,7,23,18,71.1
4891,7,23,19,69.1
4892,7,23,20,69.1
4893,7,23,21,69.1
4894,7,23,22,66.9
4895,7,23,23,66.9
4896,7,24,0,66.9
4897,7,24,1,66.0
4898,7,24,2,64.9
4899,7,24,3,64.0
4900,7,24,4,63.0
4901,7,24,5,64.0
4902,7,24,6,66.0
4903,7,24,7,69.1
4904,7,24,8,71.1
4905,7,24,9,71.1
4906,7,24,10,72.0
4907,7,24,11,73.0
4908,7,24,12,71.1
4909,7,24,13,73.0
4910,7,24,14,73.0
4911,7,24,15,72.0
4912,7,24,16,70.0
4913,7,24,17,68.0
4914,7,24,18,66.9
4915,7,24,19,66.0
4916,7,24,20,66.0
4917,7,24,21,64.9
4918,7,24,22,64.9
4919,7,24,23,64.0
4920,7,25,0,64.0
4921,7,25,1,64.0
4922,7,25,2,64.9
4923,7,25,3,64.0
4924,7,25,4,63.0
4925,7,25,5,64.0
4926,7,25,6,66.0
4927,7,25,7,68.0
4928,7,25,8,71.1
4929,7,25,9,73.0
4930,7,25,10,73.9
4931,7,25,11,75.0
4932,7,25,12,73.9
4933,7,25,13,75.9
4934,7,25,14,72.0
4935,7,25,15,78.1
4936,7,25,16,78.1
4937,7,25,17,75.0
4938,7,25,18,73.9
4939,7,25,19,71.1
4940,7,25,20,69.1
4941,7,25,21,68.0
4942,7,25,22,68.0
4943,7,25,23,66.0
4944,7,26,0,66.0
4945,7,26,1,66.0
4946,7,26,2,66.0
4947,7,26,3,64.9
4948,7,26,4,64.9
4949,7,26,5,66.0
4950,7,26,6,68.0
4951,7,26,7,73.0
4952,7,26,8,75.0
4953,7,26,9,75.9
4954,7,26,10,78.1
4955,7,26,11,77.0
4956,7,26,12,79.0
4957,7,26,13,82.0
4958,7,26,14,82.9
4959,7,26,15,80.1
4960,7,26,16,78.1
4961,7,26,17,75.9
4962,7,26,18,75.0
4963,7,26,19,73.0
4964,7,26,20,71.1
4965,7,26,21,71.1
4966,7,26,22,71.1
4967,7,26,23,71.1
4968,7,27,0,71.1
4969,7,27,1,72.0
4970,7,27,2,72.0
4971,7,27,3,73.9
4972,7,27,4,73.9
4973,7,27,5,75.0
4974,7,27,6,78.1
4975,7,27,7,79.0
4976,7,27,8,82.0
4977,7,27,9,82.9
4978,7,27,10,84.9
4979,7,27,11,86.0
4980,7,27,12,84.9
4981,7,27,13,84.0
4982,7,27,14,82.9
4983,7,27,15,82.9
4984,7,27,16,81.0
4985,7,27,17,78.1
4986,7,27,18,77.0
4987,7,27,19,75.0
4988,7,27,20,73.9
4989,7,27,21,71.1
4990,7,27,22,69.1
4991,7,27,23,68.0
4992,7,28,0,66.0
4993,7,28,1,64.9
4994,7,28,2,64.0
4995,7,28,3,63.0
4996,7,28,4,62.1
4997,7,28,5,64.0
4998,7,28,6,68.0
4999,7,28,7,69.1
5000,7,28,8,69.1
5001,7,28,9,72.0
5002,7,28,10,73.0
5003,7,28,11,73.0
5004,7,28,12,73.0
5005,7,28,13,73.9
5006,7,28,14,73.0
5007,7,28,15,70.0
5008,7,28,16,70.0
5009,7,28,17,71.1
5010,7,28,18,70.0
5011,7,28,19,69.1
5012,7,28,20,68.0
5013,7,28,21,66.9
5014,7,28,22,66.0
5015,7,28,23,66.0
5016,7,29,0,66.0
5017,7,29,1,66.0
5018,7,29,2,66.0
5019,7,29,3,66.0
5020,7,29,4,68.0
5021,7,29,5,70.0
5022,7,29,6,71.1
5023,7,29,7,73.0
5024,7,29,8,72.0
5025,7,29,9,71.1
5026,7,29,10,73.9
5027,7,29,11,71.1
5028,7,29,12,69.1
5029,7,29,13,66.0
5030,7,29,14,62.1
5031,7,29,15,62.1
5032,7,29,16,60.1
5033,7,29,17,60.1
5034,7,29,18,59.0
5035,7,29,19,59.0
5036,7,29,20,57.9
5037,7,29,21,57.9
5038,7,29,22,59.0
5039,7,29,23,59.0
5040,7,30,0,60.1
5041,7,30,1,60.1
5042,7,30,2,60.1
5043,7,30,3,60.1
5044,7,30,4,60.1
5045,7,30,5,60.1
5046,7,30,6,62.1
5047,7,30,7,61.0
5048,7,30,8,64.9
5049,7,30,9,70.0
5050,7,30,10,71.1
5051,7,30,11,73.0
5052,7,30,12,75.9
5053,7,30,13,73.9
5054,7,30,14,73.0
5055,7,30,15,71.1
5056,7,30,16,71.1
5057,7,30,17,75.9
5058,7,30,18,75.0
5059,7,30,19,73.0
5060,7,30,20,71.1
5061,7,30,21,71.1
5062,7,30,22,70.0
5063,7,30,23,69.1
5064,7,31,0,66.9
5065,7,31,1,66.0
5066,7,31,2,64.9
5067,7,31,3,64.0
5068,7,31,4,63.0
5069,7,31,5,66.0
5070,7,31,6,69.1
5071,7,31,7,73.9
5072,7,31,8,78.1
5073,7,31,9,80.1
5074,7,31,10,81.0
5075,7,31,11,80.1
5076,7,31,12,82.0
5077,7,31,13,84.0
5078,7,31,14,82.9
5079,7,31,15,84.0
5080,7,31,16,82.0
5081,7,31,17,80.1
5082,7,31,18,78.1
5083,7,31,19,73.9
5084,7,31,20,73.9
5085,7,31,21,72.3
5086,7,31,22,70.9
5087,7,31,23,69.3
5088,8,1,0,67.6
5089,8,1,1,66.0
5090,8,1,2,64.6
5091,8,1,3,63.0
5092,8,1,4,63.0
5093,8,1,5,64.0
5094,8,1,6,64.0
5095,8,1,7,64.9
5096,8,1,8,68.0
5097,8,1,9,70.0
5098,8,1,10,71.1
5099,8,1,11,71.1
5100,8,1,12,70.0
5101,8,1,13,70.0
5102,8,1,14,69.1
5103,8,1,15,69.1
5104,8,1,16,66.9
5105,8,1,17,66.0
5106,8,1,18,64.9
5107,8,1,19,64.0
5108,8,1,20,63.0
5109,8,1,21,63.0
5110,8,1,22,63.0
5111,8,1,23,63.0
5112,8,2,0,63.0
5113,8,2,1,63.0
5114,8,2,2,63.0
5115,8,2,3,62.1
5116,8,2,4,62.1
5117,8,2,5,63.0
5118,8,2,6,66.0
5119,8,2,7,70.0
5120,8,2,8,73.0
5121,8,2,9,75.0
5122,8,2,10,75.9
5123,8,2,11,78.1
5124,8,2,12,75.9
5125,8,2,13,79.0
5126,8,2,14,77.0
5127,8,2,15,71.1
5128,8,2,16,70.0
5129,8,2,17,70.0
5130,8,2,18,69.1
5131,8,2,19,69.1
5132,8,2,20,69.1
5133,8,2,21,69.1
5134,8,2,22,69.1
5135,8,2,23,68.0
5136,8,3,0,68.0
5137,8,3,1,68.0
5138,8,3,2,68.0
5139,8,3,3,69.1
5140,8,3,4,69.1
5141,8,3,5,69.1
5142,8,3,6,73.0
5143,8,3,7,75.9
5144,8,3,8,80.1
5145,8,3,9,82.0
5146,8,3,10,82.0
5147,8,3,11,84.0
5148,8,3,12,81.0
5149,8,3,13,80.1
5150,8,3,14,75.9
5151,8,3,15,77.0
5152,8,3,16,73.9
5153,8,3,17,73.0
5154,8,3,18,73.0
5155,8,3,19,73.0
5156,8,3,20,73.0
5157,8,3,21,71.1
5158,8,3,22,71.1
5159,8,3,23,70.0
5160,8,4,0,71.1
5161,8,4,1,70.0
5162,8,4,2,71.1
5163,8,4,3,71.1
5164,8,4,4,72.0
5165,8,4,5,73.9
5166,8,4,6,75.9
5167,8,4,7,79.0
5168,8,4,8,82.0
5169,8,4,9,84.0
5170,8,4,10,86.0
5171,8,4,11,86.0
5172,8,4,12,88.0
5173,8,4,13,84.9
5174,8,4,14,84.0
5175,8,4,15,82.9
5176,8,4,16,82.9
5177,8,4,17,81.0
5178,8,4,18,80.1
5179,8,4,19,78.1
5180,8,4,20,77.0
5181,8,4,21,75.9
5182,8,4,22,75.0
5183,8,4,23,75.0
5184,8,5,0,73.9
5185,8,5,1,73.9
5186,8,5,2,73.9
5187,8,5,3,75.0
5188,8,5,4,75.0
5189,8,5,5,75.9
5190,8,5,6,75.9
5191,8,5,7,79.0
5192,8,5,8,80.1
5193,8,5,9,79.0
5194,8,5,10,82.0
5195,8,5,11,81.0
5196,8,5,12,80.1
5197,8,5,13,84.9
5198,8,5,14,89.1
5199,8,5,15,88.0
5200,8,5,16,89.1
5201,8,5,17,88.0
5202,8,5,18,82.0
5203,8,5,19,82.9
5204,8,5,20,79.0
5205,8,5,21,78.1
5206,8,5,22,77.0
5207,8,5,23,73.9
5208,8,6,0,73.0
5209,8,6,1,73.0
5210,8,6,2,73.9
5211,8,6,3,73.0
5212,8,6,4,73.0
5213,8,6,5,73.9
5214,8,6,6,75.0
5215,8,6,7,75.0
5216,8,6,8,75.9
5217,8,6,9,73.9
5218,8,6,10,75.9
5219,8,6,11,79.0
5220,8,6,12,84.9
5221,8,6,13,87.1
5222,8,6,14,88.0
5223,8,6,15,88.0
5224,8,6,16,84.0
5225,8,6,17,75.9
5226,8,6,18,78.1
5227,8,6,19,73.9
5228,8,6,20,77.0
5229,8,6,21,73.9
5230,8,6,22,73.9
5231,8,6,23,73.0
5232,8,7,0,73.0
5233,8,7,1,73.0
5234,8,7,2,73.9
5235,8,7,3,73.0
5236,8,7,4,73.0
5237,8,7,5,73.0
5238,8,7,6,75.0
5239,8,7,7,79.0
5240,8,7,8,81.0
5241,8,7,9,84.0
5242,8,7,10,82.9
5243,8,7,11,84.0
5244,8,7,12,82.0
5245,8,7,13,82.0
5246,8,7,14,79.0
5247,8,7,15,77.0
5248,8,7,16,75.0
5249,8,7,17,75.0
5250,8,7,18,73.0
5251,8,7,19,73.0
5252,8,7,20,71.1
5253,8,7,21,71.1
5254,8,7,22,66.9
5255,8,7,23,64.9
5256,8,8,0,64.9
5257,8,8,1,64.9
5258,8,8,2,64.0
5259,8,8,3,63.0
5260,8,8,4,62.1
5261,8,8,5,63.0
5262,8,8,6,64.0
5263,8,8,7,66.0
5264,8,8,8,68.0
5265,8,8,9,70.0
5266,8,8,10,72.0
5267,8,8,11,73.0
5268,8,8,12,73.0
5269,8,8,13,75.9
5270,8,8,14,73.9
5271,8,8,15,73.9
5272,8,8,16,73.0
5273,8,8,17,72.0
5274,8,8,18,70.0
5275,8,8,19,69.1
5276,8,8,20,66.9
5277,8,8,21,66.0
5278,8,8,22,64.0
5279,8,8,23,62.1
5280,8,9,0,61.0
5281,8,9,1,60.1
5282,8,9,2,59.0
5283,8,9,3,59.0
5284,8,9,4,59.0
5285,8,9,5,61.0
5286,8,9,6,64.0
5287,8,9,7,66.9
5288,8,9,8,69.1
5289,8,9,9,72.0
5290,8,9,10,73.0
5291,8,9,11,73.9
5292,8,9,12,73.0
5293,8,9,13,73.0
5294,8,9,14,73.0
5295,8,9,15,73.0
5296,8,9,16,71.1
5297,8,9,17,68.0
5298,8,9,18,64.9
5299,8,9,19,66.0
5300,8,9,20,64.9
5301,8,9,21,64.9
5302,8,9,22,64.9
5303,8,9,23,64.0
5304,8,10,0,63.0
5305,8,10,1,61.0
5306,8,10,2,60.1
5307,8,10,3,61.0
5308,8,10,4,61.0
5309,8,10,5,63.0
5310,8,10,6,66.0
5311,8,10,7,71.1
5312,8,10,8,73.0
5313,8,10,9,73.0
5314,8,10,10,73.9
5315,8,10,11,75.0
5316,8,10,12,73.9
5317,8,10,13,73.9
5318,8,10,14,73.9
5319,8,10,15,73.0
5320,8,10,16,71.1
5321,8,10,17,72.0
5322,8,10,18,70.0
5323,8,10,19,70.0
5324,8,10,20,70.0
5325,8,10,21,68.0
5326,8,10,22,69.1
5327,8,10,23,69.1
5328,8,11,0,69.1
5329,8,11,1,69.1
5330,8,11,2,66.0
5331,8,11,3,64.9
5332,8,11,4,64.9
5333,8,11,5,66.0
5334,8,11,6,64.9
5335,8,11,7,64.0
5336,8,11,8,63.0
5337,8,11,9,63.0
5338,8,11,10,63.0
5339,8,11,11,62.1
5340,8,11,12,61.0
5341,8,11,13,61.0
5342,8,11,14,61.0
5343,8,11,15,61.0
5344,8,11,16,60.1
5345,8,11,17,60.1
5346,8,11,18,61.0
5347,8,11,19,62.1
5348,8,11,20,62.1
5349,8,11,21,63.0
5350,8,11,22,63.0
5351,8,11,23,64.0
5352,8,12,0,64.0
5353,8,12,1,63.0
5354,8,12,2,63.0
5355,8,12,3,63.0
5356,8,12,4,63.0
5357,8,12,5,63.0
5358,8,12,6,64.0
5359,8,12,7,64.9
5360,8,12,8,64.9
5361,8,12,9,66.0
5362,8,12,10,66.9
5363,8,12,11,68.0
5364,8,12,12,69.1
5365,8,12,13,70.0
5366,8,12,14,70.0
5367,8,12,15,73.9
5368,8,12,16,72.0
5369,8,12,17,70.0
5370,8,12,18,71.1
5371,8,12,19,71.1
5372,8,12,20,71.1
5373,8,12,21,71.1
5374,8,12,22,72.0
5375,8,12,23,71.1
5376,8,13,0,73.0
5377,8,13,1,71.1
5378,8,13,2,71.1
5379,8,13,3,68.0
5380,8,13,4,66.9
5381,8,13,5,68.0
5382,8,13,6,71.1
5383,8,13,7,75.0
5384,8,13,8,72.0
5385,8,13,9,75.0
5386,8,13,10,73.0
5387,8,13,11,72.0
5388,8,13,12,73.0
5389,8,13,13,73.0
5390,8,13,14,71.1
5391,8,13,15,71.1
5392,8,13,16,70.0
5393,8,13,17,70.0
5394,8,13,18,70.0
5395,8,13,19,71.1
5396,8,13,20,72.0
5397,8,13,21,71.1
5398,8,13,22,72.0
5399,8,13,23,72.0
5400,8,14,0,73.0
5401,8,14,1,73.0
5402,8,14,2,72.0
5403,8,14,3,71.1
5404,8,14,4,70.0
5405,8,14,5,73.0
5406,8,14,6,75.0
5407,8,14,7,77.0
5408,8,14,8,78.1
5409,8,14,9,80.1
5410,8,14,10,82.0
5411,8,14,11,84.0
5412,8,14,12,84.9
5413,8,14,13,82.9
5414,8,14,14,84.0
5415,8,14,15,81.0
5416,8,14,16,79.0
5417,8,14,17,79.0
5418,8,14,18,77.0
5419,8,14,19,75.9
5420,8,14,20,75.9
5421,8,14,21,75.0
5422,8,14,22,73.9
5423,8,14,23,73.0
5424,8,15,0,73.0
5425,8,15,1,73.0
5426,8,15,2,72.0
5427,8,15,3,71.1
5428,8,15,4,71.1
5429,8,15,5,71.1
5430,8,15,6,73.0
5431,8,15,7,73.9
5432,8,15,8,77.0
5433,8,15,9,78.1
5434,8,15,10,79.0
5435,8,15,11,80.1
5436,8,15,12,80.1
5437,8,15,13,82.0
5438,8,15,14,79.0
5439,8,15,15,75.9
5440,8,15,16,75.9
5441,8,15,17,77.0
5442,8,15,18,75.0
5443,8,15,19,75.0
5444,8,15,20,73.9
5445,8,15,21,73.9
5446,8,15,22,73.9
5447,8,15,23,73.9
5448,8,16,0,73.0
5449,8,16,1,73.0
5450,8,16,2,73.0
5451,8,16,3,72.0
5452,8,16,4,72.0
5453,8,16,5,72.0
5454,8,16,6,71.1
5455,8,16,7,75.9
5456,8,16,8,79.0
5457,8,16,9,80.1
5458,8,16,10,82.0
5459,8,16,11,82.9
5460,8,16,12,84.9
5461,8,16,13,86.0
5462,8,16,14,86.0
5463,8,16,15,84.9
5464,8,16,16,80.1
5465,8,16,17,77.0
5466,8,16,18,73.0
5467,8,16,19,75.0
5468,8,16,20,75.0
5469,8,16,21,73.9
5470,8,16,22,73.0
5471,8,16,23,73.0
5472,8,17,0,72.0
5473,8,17,1,71.1
5474,8,17,2,70.0
5475,8,17,3,69.1
5476,8,17,4,68.0
5477,8,17,5,69.1
5478,8,17,6,71.1
5479,8,17,7,73.0
5480,8,17,8,73.9
5481,8,17,9,75.0
5482,8,17,10,73.9
5483,8,17,11,73.9
5484,8,17,12,73.9
5485,8,17,13,73.9
5486,8,17,14,73.9
5487,8,17,15,73.0
5488,8,17,16,72.0
5489,8,17,17,72.0
5490,8,17,18,69.1
5491,8,17,19,71.1
5492,8,17,20,70.0
5493,8,17,21,68.0
5494,8,17,22,68.0
5495,8,17,23,66.0
5496,8,18,0,66.9
5497,8,18,1,66.0
5498,8,18,2,64.9
5499,8,18,3,64.0
5500,8,18,4,62.1
5501,8,18,5,64.0
5502,8,18,6,66.9
5503,8,18,7,69.1
5504,8,18,8,71.1
5505,8,18,9,71.1
5506,8,18,10,71.1
5507,8,18,11,71.1
5508,8,18,12,70.0
5509,8,18,13,68.0
5510,8,18,14,68.0
5511,8,18,15,66.9
5512,8,18,16,66.0
5513,8,18,17,66.0
5514,8,18,18,64.9
5515,8,18,19,64.9
5516,8,18,20,64.0
5517,8,18,21,64.0
5518,8,18,22,64.0
5519,8,18,23,64.0
5520,8,19,0,64.0
5521,8,19,1,63.0
5522,8,19,2,63.0
5523,8,19,3,63.0
5524,8,19,4,63.0
5525,8,19,5,63.0
5526,8,19,6,63.0
5527,8,19,7,66.0
5528,8,19,8,69.1
5529,8,19,9,70.0
5530,8,19,10,71.1
5531,8,19,11,72.0
5532,8,19,12,71.1
5533,8,19,13,72.0
5534,8,19,14,70.0
5535,8,19,15,69.1
5536,8,19,16,70.0
5537,8,19,17,68.0
5538,8,19,18,66.9
5539,8,19,19,66.9
5540,8,19,20,66.9
5541,8,19,21,66.9
5542,8,19,22,66.9
5543,8,19,23,66.9
5544,8,20,0,66.9
5545,8,20,1,66.0
5546,8,20,2,66.0
5547,8,20,3,66.9
5548,8,20,4,66.9
5549,8,20,5,69.1
5550,8,20,6,69.1
5551,8,20,7,71.1
5552,8,20,8,73.9
5553,8,20,9,73.9
5554,8,20,10,77.0
5555,8,20,11,80.1
5556,8,20,12,82.0
5557,8,20,13,80.1
5558,8,20,14,82.0
5559,8,20,15,82.0
5560,8,20,16,80.1
5561,8,20,17,79.0
5562,8,20,18,77.0
5563,8,20,19,75.9
5564,8,20,20,75.0
5565,8,20,21,73.9
5566,8,20,22,73.9
5567,8,20,23,73.0
5568,8,21,0,72.0
5569,8,21,1,71.1
5570,8,21,2,71.1
5571,8,21,3,71.1
5572,8,21,4,72.0
5573,8,21,5,72.0
5574,8,21,6,75.0
5575,8,21,7,78.1
5576,8,21,8,81.0
5577,8,21,9,82.9
5578,8,21,10,82.0
5579,8,21,11,84.0
5580,8,21,12,86.0
5581,8,21,13,86.0
5582,8,21,14,86.0
5583,8,21,15,73.9
5584,8,21,16,80.1
5585,8,21,17,80.1
5586,8,21,18,78.1
5587,8,21,19,77.0
5588,8,21,20,75.9
5589,8,21,21,77.0
5590,8,21,22,73.9
5591,8,21,23,75.0
5592,8,22,0,75.0
5593,8,22,1,73.9
5594,8,22,2,73.0
5595,8,22,3,72.0
5596,8,22,4,72.0
5597,8,22,5,71.1
5598,8,22,6,73.9
5599,8,22,7,75.0
5600,8,22,8,78.1
5601,8,22,9,79.0
5602,8,22,10,81.0
5603,8,22,11,82.0
5604,8,22,12,82.0
5605,8,22,13,84.0
5606,8,22,14,82.9
5607,8,22,15,84.0
5608,8,22,16,73.0
5609,8,22,17,71.1
5610,8,22,18,70.0
5611,8,22,19,69.1
5612,8,22,20,70.0
5613,8,22,21,70.0
5614,8,22,22,68.0
5615,8,22,23,66.9
5616,8,23,0,66.9
5617,8,23,1,66.9
5618,8,23,2,66.9
5619,8,23,3,66.0
5620,8,23,4,64.9
5621,8,23,5,66.0
5622,8,23,6,69.1
5623,8,23,7,72.0
5624,8,23,8,78.1
5625,8,23,9,80.1
5626,8,23,10,84.0
5627,8,23,11,82.9
5628,8,23,12,80.1
5629,8,23,13,84.0
5630,8,23,14,84.0
5631,8,23,15,86.0
5632,8,23,16,77.0
5633,8,23,17,75.9
5634,8,23,18,75.0
5635,8,23,19,73.0
5636,8,23,20,70.0
5637,8,23,21,70.0
5638,8,23,22,66.9
5639,8,23,23,66.0
5640,8,24,0,64.9
5641,8,24,1,64.0
5642,8,24,2,63.0
5643,8,24,3,63.0
5644,8,24,4,63.0
5645,8,24,5,64.0
5646,8,24,6,66.9
5647,8,24,7,70.0
5648,8,24,8,73.0
5649,8,24,9,75.9
5650,8,24,10,75.9
5651,8,24,11,78.1
5652,8,24,12,78.1
5653,8,24,13,78.1
5654,8,24,14,79.0
5655,8,24,15,78.1
5656,8,24,16,77.0
5657,8,24,17,73.9
5658,8,24,18,71.1
5659,8,24,19,66.9
5660,8,24,20,64.9
5661,8,24,21,63.0
5662,8,24,22,61.0
5663,8,24,23,59.0
5664,8,25,0,57.9
5665,8,25,1,57.0
5666,8,25,2,57.0
5667,8,25,3,55.9
5668,8,25,4,55.0
5669,8,25,5,55.9
5670,8,25,6,57.9
5671,8,25,7,61.0
5672,8,25,8,63.0
5673,8,25,9,64.9
5674,8,25,10,64.9
5675,8,25,11,66.0
5676,8,25,12,68.0
5677,8,25,13,70.0
5678,8,25,14,71.1
5679,8,25,15,71.1
5680,8,25,16,71.1
5681,8,25,17,69.1
5682,8,25,18,66.9
5683,8,25,19,66.0
5684,8,25,20,63.0
5685,8,25,21,62.1
5686,8,25,22,62.1
5687,8,25,23,60.1
5688,8,26,0,60.1
5689,8,26,1,61.0
5690,8,26,2,61.0
5691,8,26,3,61.0
5692,8,26,4,60.1
5693,8,26,5,60.1
5694,8,26,6,62.1
5695,8,26,7,64.0
5696,8,26,8,66.9
5697,8,26,9,68.0
5698,8,26,10,68.0
5699,8,26,11,71.1
5700,8,26,12,72.0
5701,8,26,13,73.0
5702,8,26,14,73.9
5703,8,26,15,73.9
5704,8,26,16,72.0
5705,8,26,17,71.1
5706,8,26,18,68.0
5707,8,26,19,64.9
5708,8,26,20,64.0
5709,8,26,21,61.0
5710,8,26,22,60.1
5711,8,26,23,57.9
5712,8,27,0,57.0
5713,8,27,1,55.9
5714,8,27,2,55.9
5715,8,27,3,55.0
5716,8,27,4,54.0
5717,8,27,5,55.9
5718,8,27,6,59.0
5719,8,27,7,64.0
5720,8,27,8,66.0
5721,8,27,9,68.0
5722,8,27,10,70.0
5723,8,27,11,69.1
5724,8,27,12,68.0
5725,8,27,13,69.1
5726,8,27,14,69.1
5727,8,27,15,68.0
5728,8,27,16,66.9
5729,8,27,17,64.9
5730,8,27,18,63.0
5731,8,27,19,63.0
5732,8,27,20,64.0
5733,8,27,21,63.0
5734,8,27,22,63.0
5735,8,27,23,63.0
5736,8,28,0,63.0
5737,8,28,1,62.1
5738,8,28,2,62.1
5739,8,28,3,61.0
5740,8,28,4,61.0
5741,8,28,5,60.1
5742,8,28,6,63.0
5743,8,28,7,66.0
5744,8,28,8,68.0
5745,8,28,9,71.1
5746,8,28,10,73.9
5747,8,28,11,73.9
5748,8,28,12,73.9
5749,8,28,13,71.1
5750,8,28,14,71.1
5751,8,28,15,75.0
5752,8,28,16,72.0
5753,8,28,17,70.0
5754,8,28,18,68.0
5755,8,28,19,66.0
5756,8,28,20,64.9
5757,8,28,21,64.0
5758,8,28,22,63.0
5759,8,28,23,63.0
5760,8,29,0,62.1
5761,8,29,1,61.0
5762,8,29,2,61.0
5763,8,29,3,62.1
5764,8,29,4,61.0
5765,8,29,5,61.0
5766,8,29,6,63.0
5767,8,29,7,64.0
5768,8,29,8,66.9
5769,8,29,9,68.0
5770,8,29,10,66.9
5771,8,29,11,70.0
5772,8,29,12,70.0
5773,8,29,13,68.0
5774,8,29,14,70.0
5775,8,29,15,70.0
5776,8,29,16,71.1
5777,8,29,17,70.0
5778,8,29,18,70.0
5779,8,29,19,68.0
5780,8,29,20,66.9
5781,8,29,21,66.9
5782,8,29,22,68.0
5783,8,29,23,66.0
5784,8,30,0,66.9
5785,8,30,1,66.9
5786,8,30,2,66.9
5787,8,30,3,66.9
5788,8,30,4,66.0
5789,8,30,5,66.0
5790,8,30,6,68.0
5791,8,30,7,71.1
5792,8,30,8,75.0
5793,8,30,9,77.0
5794,8,30,10,81.0
5795,8,30,11,84.0
5796,8,30,12,84.9
5797,8,30,13,86.0
5798,8,30,14,84.9
5799,8,30,15,84.0
5800,8,30,16,84.0
5801,8,30,17,81.0
5802,8,30,18,77.0
5803,8,30,19,75.0
5804,8,30,20,73.0
5805,8,30,21,72.0
5806,8,30,22,71.1
5807,8,30,23,69.1
5808,8,31,0,68.0
5809,8,31,1,66.0
5810,8,31,2,64.9
5811,8,31,3,64.0
5812,8,31,4,63.0
5813,8,31,5,64.0
5814,8,31,6,66.0
5815,8,31,7,68.0
5816,8,31,8,70.0
5817,8,31,9,71.1
5818,8,31,10,73.0
5819,8,31,11,75.0
5820,8,31,12,75.9
5821,8,31,13,77.0
5822,8,31,14,77.0
5823,8,31,15,77.0
5824,8,31,16,75.9
5825,8,31,17,73.9
5826,8,31,18,72.0
5827,8,31,19,72.0
5828,8,31,20,66.0
5829,8,31,21,64.8
5830,8,31,22,63.5
5831,8,31,23,62.2
5832,9,1,0,60.8
5833,9,1,1,59.5
5834,9,1,2,58.3
5835,9,1,3,57.0
5836,9,1,4,57.9
5837,9,1,5,60.1
5838,9,1,6,62.1
5839,9,1,7,66.9
5840,9,1,8,71.1
5841,9,1,9,73.9
5842,9,1,10,75.9
5843,9,1,11,77.0
5844,9,1,12,78.1
5845,9,1,13,79.0
5846,9,1,14,77.0
5847,9,1,15,77.0
5848,9,1,16,75.0
5849,9,1,17,72.0
5850,9,1,18,72.0
5851,9,1,19,71.1
5852,9,1,20,70.0
5853,9,1,21,69.1
5854,9,1,22,68.0
5855,9,1,23,68.0
5856,9,2,0,68.0
5857,9,2,1,69.1
5858,9,2,2,68.0
5859,9,2,3,68.0
5860,9,2,4,66.9
5861,9,2,5,66.0
5862,9,2,6,66.0
5863,9,2,7,62.1
5864,9,2,8,63.0
5865,9,2,9,62.1
5866,9,2,10,61.0
5867,9,2,11,61.0
5868,9,2,12,59.0
5869,9,2,13,59.0
5870,9,2,14,57.9
5871,9,2,15,59.0
5872,9,2,16,57.9
5873,9,2,17,57.9
5874,9,2,18,57.9
5875,9,2,19,57.9
5876,9,2,20,57.9
5877,9,2,21,57.9
5878,9,2,22,57.0
5879,9,2,23,55.9
5880,9,3,0,55.0
5881,9,3,1,55.0
5882,9,3,2,55.0
5883,9,3,3,54.0
5884,9,3,4,53.1
5885,9,3,5,53.1
5886,9,3,6,55.9
5887,9,3,7,55.9
5888,9,3,8,59.0
5889,9,3,9,63.0
5890,9,3,10,63.0
5891,9,3,11,63.0
5892,9,3,12,64.9
5893,9,3,13,66.9
5894,9,3,14,70.0
5895,9,3,15,66.0
5896,9,3,16,68.0
5897,9,3,17,63.0
5898,9,3,18,61.0
5899,9,3,19,61.0
5900,9,3,20,60.1
5901,9,3,21,60.1
5902,9,3,22,59.0
5903,9,3,23,57.9
5904,9,4,0,57.9
5905,9,4,1,57.0
5906,9,4,2,55.9
5907,9,4,3,55.9
5908,9,4,4,55.9
5909,9,4,5,57.0
5910,9,4,6,60.1
5911,9,4,7,63.0
5912,9,4,8,66.0
5913,9,4,9,69.1
5914,9,4,10,72.0
5915,9,4,11,72.0
5916,9,4,12,73.9
5917,9,4,13,72.0
5918,9,4,14,71.1
5919,9,4,15,70.0
5920,9,4,16,70.0
5921,9,4,17,68.0
5922,9,4,18,64.9
5923,9,4,19,64.0
5924,9,4,20,63.0
5925,9,4,21,63.0
5926,9,4,22,64.9
5927,9,4,23,64.0
5928,9,5,0,64.0
5929,9,5,1,63.0
5930,9,5,2,64.0
5931,9,5,3,64.9
5932,9,5,4,64.9
5933,9,5,5,64.9
5934,9,5,6,66.0
5935,9,5,7,68.0
5936,9,5,8,69.1
5937,9,5,9,70.0
5938,9,5,10,70.0
5939,9,5,11,70.0
5940,9,5,12,69.1
5941,9,5,13,70.0
5942,9,5,14,73.9
5943,9,5,15,71.1
5944,9,5,16,72.0
5945,9,5,17,72.0
5946,9,5,18,70.0
5947,9,5,19,66.9
5948,9,5,20,64.0
5949,9,5,21,63.0
5950,9,5,22,61.0
5951,9,5,23,60.1
5952,9,6,0,59.0
5953,9,6,1,57.9
5954,9,6,2,57.0
5955,9,6,3,55.9
5956,9,6,4,55.0
5957,9,6,5,55.0
5958,9,6,6,57.0
5959,9,6,7,60.1
5960,9,6,8,61.0
5961,9,6,9,63.0
5962,9,6,10,66.0
5963,9,6,11,68.0
5964,9,6,12,69.1
5965,9,6,13,69.1
5966,9,6,14,70.0
5967,9,6,15,70.0
5968,9,6,16,68.0
5969,9,6,17,66.9
5970,9,6,18,64.9
5971,9,6,19,63.0
5972,9,6,20,61.0
5973,9,6,21,59.0
5974,9,6,22,57.9
5975,9,6,23,57.0
5976,9,7,0,57.0
5977,9,7,1,55.9
5978,9,7,2,55.0
5979,9,7,3,55.0
5980,9,7,4,54.0
5981,9,7,5,55.0
5982,9,7,6,57.0
5983,9,7,7,62.1
5984,9,7,8,64.9
5985,9,7,9,66.9
5986,9,7,10,69.1
5987,9,7,11,72.0
5988,9,7,12,72.0
5989,9,7,13,70.0
5990,9,7,14,70.0
5991,9,7,15,70.0
5992,9,7,16,71.1
5993,9,7,17,70.0
5994,9,7,18,69.1
5995,9,7,19,68.0
5996,9,7,20,66.9
5997,9,7,21,64.9
5998,9,7,22,64.0
5999,9,7,23,64.0
6000,9,8,0,62.1
6001,9,8,1,61.0
6002,9,8,2,60.1
6003,9,8,3,59.0
6004,9,8,4,57.9
6005,9,8,5,57.9
6006,9,8,6,62.1
6007,9,8,7,66.9
6008,9,8,8,70.0
6009,9,8,9,71.1
6010,9,8,10,73.9
6011,9,8,11,75.0
6012,9,8,12,77.0
6013,9,8,13,64.9
6014,9,8,14,64.0
6015,9,8,15,64.0
6016,9,8,16,62.1
6017,9,8,17,61.0
6018,9,8,18,60.1
6019,9,8,19,59.0
6020,9,8,20,59.0
6021,9,8,21,59.0
6022,9,8,22,57.9
6023,9,8,23,59.0
6024,9,9,0,55.9
6025,9,9,1,57.0
6026,9,9,2,55.0
6027,9,9,3,54.0
6028,9,9,4,54.0
6029,9,9,5,54.0
6030,9,9,6,57.0
6031,9,9,7,62.1
6032,9,9,8,64.0
6033,9,9,9,66.0
6034,9,9,10,68.0
6035,9,9,11,70.0
6036,9,9,12,71.1
6037,9,9,13,66.9
6038,9,9,14,66.9
6039,9,9,15,66.9
6040,9,9,16,68.0
6041,9,9,17,64.0
6042,9,9,18,62.1
6043,9,9,19,63.0
6044,9,9,20,62.1
6045,9,9,21,61.0
6046,9,9,22,59.0
6047,9,9,23,57.9
6048,9,10,0,59.0
6049,9,10,1,60.1
6050,9,10,2,59.0
6051,9,10,3,59.0
6052,9,10,4,59.0
6053,9,10,5,59.0
6054,9,10,6,62.1
6055,9,10,7,66.9
6056,9,10,8,70.0
6057,9,10,9,70.0
6058,9,10,10,72.0
6059,9,10,11,73.0
6060,9,10,12,71.1
6061,9,10,13,66.0
6062,9,10,14,66.0
6063,9,10,15,68.0
6064,9,10,16,68.0
6065,9,10,17,68.0
6066,9,10,18,69.1
6067,9,10,19,70.0
6068,9,10,20,70.0
6069,9,10,21,69.1
6070,9,10,22,68.0
6071,9,10,23,64.9
6072,9,11,0,63.0
6073,9,11,1,62.1
6074,9,11,2,61.0
6075,9,11,3,60.1
6076,9,11,4,60.1
6077,9,11,5,60.1
6078,9,11,6,60.1
6079,9,11,7,63.0
6080,9,11,8,64.0
6081,9,11,9,66.0
6082,9,11,10,60.1
6083,9,11,11,70.0
6084,9,11,12,70.0
6085,9,11,13,71.1
6086,9,11,14,71.1
6087,9,11,15,70.0
6088,9,11,16,69.1
6089,9,11,17,66.0
6090,9,11,18,64.0
6091,9,11,19,63.0
6092,9,11,20,61.0
6093,9,11,21,61.0
6094,9,11,22,62.1
6095,9,11,23,60.1
6096,9,12,0,59.0
6097,9,12,1,57.9
6098,9,12,2,57.9
6099,9,12,3,57.0
6100,9,12,4,55.9
6101,9,12,5,55.9
6102,9,12,6,57.0
6103,9,12,7,60.1
6104,9,12,8,63.0
6105,9,12,9,66.0
6106,9,12,10,68.0
6107,9,12,11,69.1
6108,9,12,12,70.0
6109,9,12,13,72.0
6110,9,12,14,72.0
6111,9,12,15,72.0
6112,9,12,16,72.0
6113,9,12,17,70.0
6114,9,12,18,68.0
6115,9,12,19,66.0
6116,9,12,20,64.9
6117,9,12,21,61.0
6118,9,12,22,60.1
6119,9,12,23,59.0
6120,9,13,0,60.1
6121,9,13,1,60.1
6122,9,13,2,61.0
6123,9,13,3,61.0
6124,9,13,4,59.0
6125,9,13,5,59.0
6126,9,13,6,63.0
6127,9,13,7,66.0
6128,9,13,8,70.0
6129,9,13,9,72.0
6130,9,13,10,75.9
6131,9,13,11,75.9
6132,9,13,12,78.1
6133,9,13,13,79.0
6134,9,13,14,81.0
6135,9,13,15,82.0
6136,9,13,16,80.1
6137,9,13,17,77.0
6138,9,13,18,75.0
6139,9,13,19,73.0
6140,9,13,20,70.0
6141,9,13,21,68.0
6142,9,13,22,71.1
6143,9,13,23,68.0
6144,9,14,0,66.0
6145,9,14,1,64.9
6146,9,14,2,64.0
6147,9,14,3,63.0
6148,9,14,4,62.1
6149,9,14,5,64.0
6150,9,14,6,64.9
6151,9,14,7,72.0
6152,9,14,8,79.0
6153,9,14,9,81.0
6154,9,14,10,84.0
6155,9,14,11,84.9
6156,9,14,12,86.0
6157,9,14,13,88.0
6158,9,14,14,88.0
6159,9,14,15,84.9
6160,9,14,16,84.0
6161,9,14,17,78.1
6162,9,14,18,73.9
6163,9,14,19,73.9
6164,9,14,20,72.0
6165,9,14,21,71.1
6166,9,14,22,71.1
6167,9,14,23,69.1
6168,9,15,0,69.1
6169,9,15,1,68.0
6170,9,15,2,64.9
6171,9,15,3,64.9
6172,9,15,4,63.0
6173,9,15,5,64.9
6174,9,15,6,66.9
6175,9,15,7,69.1
6176,9,15,8,72.0
6177,9,15,9,75.9
6178,9,15,10,77.0
6179,9,15,11,79.0
6180,9,15,12,79.0
6181,9,15,13,80.1
6182,9,15,14,79.0
6183,9,15,15,78.1
6184,9,15,16,77.0
6185,9,15,17,75.0
6186,9,15,18,73.9
6187,9,15,19,71.1
6188,9,15,20,71.1
6189,9,15,21,69.1
6190,9,15,22,68.0
6191,9,15,23,68.0
6192,9,16,0,66.9
6193,9,16,1,66.0
6194,9,16,2,64.9
6195,9,16,3,64.9
6196,9,16,4,64.9
6197,9,16,5,63.0
6198,9,16,6,66.9
6199,9,16,7,69.1
6200,9,16,8,71.1
6201,9,16,9,73.9
6202,9,16,10,73.9
6203,9,16,11,69.1
6204,9,16,12,69.1
6205,9,16,13,70.0
6206,9,16,14,69.1
6207,9,16,15,64.9
6208,9,16,16,63.0
6209,9,16,17,63.0
6210,9,16,18,63.0
6211,9,16,19,61.0
6212,9,16,20,60.1
6213,9,16,21,60.1
6214,9,16,22,61.0
6215,9,16,23,62.1
6216,9,17,0,63.0
6217,9,17,1,64.0
6218,9,17,2,63.0
6219,9,17,3,63.0
6220,9,17,4,62.1
6221,9,17,5,63.0
6222,9,17,6,63.0
6223,9,17,7,64.0
6224,9,17,8,64.9
6225,9,17,9,64.9
6226,9,17,10,64.9
6227,9,17,11,66.9
6228,9,17,12,68.0
6229,9,17,13,68.0
6230,9,17,14,68.0
6231,9,17,15,64.9
6232,9,17,16,64.9
6233,9,17,17,64.9
6234,9,17,18,66.0
6235,9,17,19,64.9
6236,9,17,20,64.9
6237,9,17,21,64.9
6238,9,17,22,64.0
6239,9,17,23,64.0
6240,9,18,0,63.0
6241,9,18,1,64.0
6242,9,18,2,64.0
6243,9,18,3,64.0
6244,9,18,4,62.1
6245,9,18,5,63.0
6246,9,18,6,66.0
6247,9,18,7,68.0
6248,9,18,8,70.0
6249,9,18,9,73.9
6250,9,18,10,78.1
6251,9,18,11,80.1
6252,9,18,12,80.1
6253,9,18,13,79.0
6254,9,18,14,79.0
6255,9,18,15,79.0
6256,9,18,16,75.0
6257,9,18,17,72.0
6258,9,18,18,71.1
6259,9,18,19,71.1
6260,9,18,20,70.0
6261,9,18,21,69.1
6262,9,18,22,68.0
6263,9,18,23,66.9
6264,9,19,0,66.0
6265,9,19,1,66.0
6266,9,19,2,66.0
6267,9,19,3,64.0
6268,9,19,4,64.0
6269,9,19,5,63.0
6270,9,19,6,64.9
6271,9,19,7,68.0
6272,9,19,8,72.0
6273,9,19,9,73.0
6274,9,19,10,75.0
6275,9,19,11,77.0
6276,9,19,12,77.0
6277,9,19,13,77.0
6278,9,19,14,77.0
6279,9,19,15,78.1
6280,9,19,16,77.0
6281,9,19,17,75.0
6282,9,19,18,72.0
6283,9,19,19,70.0
6284,9,19,20,71.1
6285,9,19,21,70.0
6286,9,19,22,70.0
6287,9,19,23,68.0
6288,9,20,0,69.1
6289,9,20,1,64.9
6290,9,20,2,64.9
6291,9,20,3,64.9
6292,9,20,4,64.9
6293,9,20,5,64.0
6294,9,20,6,66.0
6295,9,20,7,68.0
6296,9,20,8,72.0
6297,9,20,9,73.9
6298,9,20,10,78.1
6299,9,20,11,80.1
6300,9,20,12,81.0
6301,9,20,13,80.1
6302,9,20,14,81.0
6303,9,20,15,80.1
6304,9,20,16,78.1
6305,9,20,17,73.9
6306,9,20,18,72.0
6307,9,20,19,72.0
6308,9,20,20,72.0
6309,9,20,21,70.0
6310,9,20,22,66.9
6311,9,20,23,66.0
6312,9,21,0,66.9
6313,9,21,1,66.9
6314,9,21,2,66.0
6315,9,21,3,64.9
6316,9,21,4,64.9
6317,9,21,5,64.9
6318,9,21,6,66.0
6319,9,21,7,70.0
6320,9,21,8,70.0
6321,9,21,9,72.0
6322,9,21,10,73.9
6323,9,21,11,73.9
6324,9,21,12,73.0
6325,9,21,13,73.9
6326,9,21,14,72.0
6327,9,21,15,69.1
6328,9,21,16,68.0
6329,9,21,17,68.0
6330,9,21,18,66.9
6331,9,21,19,66.0
6332,9,21,20,64.9
6333,9,21,21,64.0
6334,9,21,22,61.0
6335,9,21,23,61.0
6336,9,22,0,59.0
6337,9,22,1,55.0
6338,9,22,2,55.0
6339,9,22,3,54.0
6340,9,22,4,53.1
6341,9,22,5,53.1
6342,9,22,6,57.0
6343,9,22,7,60.1
6344,9,22,8,60.1
6345,9,22,9,62.1
6346,9,22,10,63.0
6347,9,22,11,64.9
6348,9,22,12,66.9
6349,9,22,13,64.9
6350,9,22,14,66.0
6351,9,22,15,66.0
6352,9,22,16,64.9
6353,9,22,17,63.0
6354,9,22,18,63.0
6355,9,22,19,62.1
6356,9,22,20,59.0
6357,9,22,21,57.0
6358,9,22,22,55.0
6359,9,22,23,55.9
6360,9,23,0,55.9
6361,9,23,1,55.9
6362,9,23,2,54.0
6363,9,23,3,52.0
6364,9,23,4,50.0
6365,9,23,5,48.9
6366,9,23,6,52.0
6367,9,23,7,57.0
6368,9,23,8,59.0
6369,9,23,9,61.0
6370,9,23,10,64.0
6371,9,23,11,66.0
6372,9,23,12,69.1
6373,9,23,13,70.0
6374,9,23,14,70.0
6375,9,23,15,69.1
6376,9,23,16,66.0
6377,9,23,17,64.0
6378,9,23,18,63.0
6379,9,23,19,62.1
6380,9,23,20,62.1
6381,9,23,21,62.1
6382,9,23,22,63.0
6383,9,23,23,64.0
6384,9,24,0,64.0
6385,9,24,1,63.0
6386,9,24,2,63.0
6387,9,24,3,61.0
6388,9,24,4,59.0
6389,9,24,5,57.9
6390,9,24,6,57.0
6391,9,24,7,57.0
6392,9,24,8,57.0
6393,9,24,9,57.9
6394,9,24,10,61.0
6395,9,24,11,64.0
6396,9,24,12,66.0
6397,9,24,13,64.0
6398,9,24,14,64.0
6399,9,24,15,64.0
6400,9,24,16,62.1
6401,9,24,17,59.0
6402,9,24,18,57.0
6403,9,24,19,55.9
6404,9,24,20,55.0
6405,9,24,21,55.9
6406,9,24,22,54.0
6407,9,24,23,52.0
6408,9,25,0,51.1
6409,9,25,1,50.0
6410,9,25,2,48.0
6411,9,25,3,48.0
6412,9,25,4,48.0
6413,9,25,5,46.9
6414,9,25,6,50.0
6415,9,25,7,55.0
6416,9,25,8,57.9
6417,9,25,9,61.0
6418,9,25,10,63.0
6419,9,25,11,64.9
6420,9,25,12,66.0
6421,9,25,13,68.0
6422,9,25,14,68.0
6423,9,25,15,68.0
6424,9,25,16,64.9
6425,9,25,17,63.0
6426,9,25,18,62.1
6427,9,25,19,57.0
6428,9,25,20,55.9
6429,9,25,21,57.9
6430,9,25,22,55.9
6431,9,25,23,55.0
6432,9,26,0,54.0
6433,9,26,1,55.0
6434,9,26,2,54.0
6435,9,26,3,53.1
6436,9,26,4,53.1
6437,9,26,5,52.0
6438,9,26,6,55.9
6439,9,26,7,57.9
6440,9,26,8,57.9
6441,9,26,9,61.0
6442,9,26,10,66.0
6443,9,26,11,66.0
6444,9,26,12,70.0
6445,9,26,13,70.0
6446,9,26,14,66.0
6447,9,26,15,64.9
6448,9,26,16,63.0
6449,9,26,17,61.0
6450,9,26,18,60.1
6451,9,26,19,60.1
6452,9,26,20,60.1
6453,9,26,21,61.0
6454,9,26,22,62.1
6455,9,26,23,63.0
6456,9,27,0,66.0
6457,9,27,1,66.0
6458,9,27,2,64.9
6459,9,27,3,64.9
6460,9,27,4,64.9
6461,9,27,5,66.0
6462,9,27,6,66.9
6463,9,27,7,69.1
6464,9,27,8,72.0
6465,9,27,9,73.0
6466,9,27,10,73.0
6467,9,27,11,73.9
6468,9,27,12,73.0
6469,9,27,13,73.0
6470,9,27,14,72.0
6471,9,27,15,70.0
6472,9,27,16,69.1
6473,9,27,17,69.1
6474,9,27,18,68.0
6475,9,27,19,64.0
6476,9,27,20,63.0
6477,9,27,21,60.1
6478,9,27,22,57.9
6479,9,27,23,57.0
6480,9,28,0,57.0
6481,9,28,1,55.9
6482,9,28,2,57.0
6483,9,28,3,55.9
6484,9,28,4,55.9
6485,9,28,5,55.9
6486,9,28,6,55.9
6487,9,28,7,57.0
6488,9,28,8,61.0
6489,9,28,9,63.0
6490,9,28,10,63.0
6491,9,28,11,63.0
6492,9,28,12,64.9
6493,9,28,13,66.0
6494,9,28,14,64.9
6495,9,28,15,62.1
6496,9,28,16,62.1
6497,9,28,17,59.0
6498,9,28,18,57.0
6499,9,28,19,55.0
6500,9,28,20,54.0
6501,9,28,21,52.0
6502,9,28,22,52.0
6503,9,28,23,51.1
6504,9,29,0,48.9
6505,9,29,1,48.9
6506,9,29,2,48.0
6507,9,29,3,46.9
6508,9,29,4,48.0
6509,9,29,5,46.0
6510,9,29,6,48.9
6511,9,29,7,51.1
6512,9,29,8,54.0
6513,9,29,9,57.0
6514,9,29,10,60.1
6515,9,29,11,62.1
6516,9,29,12,64.0
6517,9,29,13,64.9
6518,9,29,14,66.0
6519,9,29,15,64.9
6520,9,29,16,64.0
6521,9,29,17,61.0
6522,9,29,18,59.0
6523,9,29,19,57.9
6524,9,29,20,57.0
6525,9,29,21,55.0
6526,9,29,22,55.0
6527,9,29,23,55.9
6528,9,30,0,55.0
6529,9,30,1,55.0
6530,9,30,2,55.0
6531,9,30,3,53.1
6532,9,30,4,53.1
6533,9,30,5,53.1
6534,9,30,6,55.9
6535,9,30,7,60.1
6536,9,30,8,62.1
6537,9,30,9,64.9
6538,9,30,10,64.9
6539,9,30,11,64.9
6540,9,30,12,66.0
6541,9,30,13,66.9
6542,9,30,14,66.9
6543,9,30,15,62.1
6544,9,30,16,62.1
6545,9,30,17,60.1
6546,9,30,18,60.1
6547,9,30,19,59.0
6548,9,30,20,59.0
6549,9,30,21,61.5
6550,9,30,22,64.2
6551,9,30,23,66.7
6552,10,1,0,69.3
6553,10,1,1,71.8
6554,10,1,2,74.5
6555,10,1,3,77.0
6556,10,1,4,77.0
6557,10,1,5,75.9
6558,10,1,6,77.0
6559,10,1,7,79.0
6560,10,1,8,78.1
6561,10,1,9,78.1
6562,10,1,10,77.0
6563,10,1,11,75.9
6564,10,1,12,77.0
6565,10,1,13,75.0
6566,10,1,14,75.9
6567,10,1,15,75.0
6568,10,1,16,73.0
6569,10,1,17,71.1
6570,10,1,18,69.1
6571,10,1,19,69.1
6572,10,1,20,69.1
6573,10,1,21,69.1
6574,10,1,22,68.0
6575,10,1,23,66.9
6576,10,2,0,64.0
6577,10,2,1,63.0
6578,10,2,2,63.0
6579,10,2,3,62.1
6580,10,2,4,62.1
6581,10,2,5,61.0
6582,10,2,6,61.0
6583,10,2,7,61.0
6584,10,2,8,62.1
6585,10,2,9,62.1
6586,10,2,10,62.1
6587,10,2,11,63.0
6588,10,2,12,63.0
6589,10,2,13,61.0
6590,10,2,14,62.1
6591,10,2,15,61.0
6592,10,2,16,59.0
6593,10,2,17,57.0
6594,10,2,18,57.9
6595,10,2,19,57.9
6596,10,2,20,57.0
6597,10,2,21,57.0
6598,10,2,22,57.0
6599,10,2,23,55.9
6600,10,3,0,55.9
6601,10,3,1,55.0
6602,10,3,2,55.0
6603,10,3,3,54.0
6604,10,3,4,53.1
6605,10,3,5,51.1
6606,10,3,6,55.0
6607,10,3,7,57.0
6608,10,3,8,59.0
6609,10,3,9,60.1
6610,10,3,10,61.0
6611,10,3,11,60.1
6612,10,3,12,60.1
6613,10,3,13,59.0
6614,10,3,14,57.9
6615,10,3,15,57.9
6616,10,3,16,57.9
6617,10,3,17,59.0
6618,10,3,18,57.9
6619,10,3,19,59.0
6620,10,3,20,59.0
6621,10,3,21,59.0
6622,10,3,22,59.0
6623,10,3,23,59.0
6624,10,4,0,60.1
6625,10,4,1,60.1
6626,10,4,2,60.1
6627,10,4,3,60.1
6628,10,4,4,60.1
6629,10,4,5,61.0
6630,10,4,6,61.0
6631,10,4,7,61.0
6632,10,4,8,63.0
6633,10,4,9,66.9
6634,10,4,10,72.0
6635,10,4,11,73.0
6636,10,4,12,73.0
6637,10,4,13,75.0
6638,10,4,14,73.9
6639,10,4,15,71.1
6640,10,4,16,69.1
6641,10,4,17,66.9
6642,10,4,18,66.0
6643,10,4,19,63.0
6644,10,4,20,61.0
6645,10,4,21,59.0
6646,10,4,22,55.9
6647,10,4,23,55.0
6648,10,5,0,55.0
6649,10,5,1,54.0
6650,10,5,2,54.0
6651,10,5,3,54.0
6652,10,5,4,54.0
6653,10,5,5,55.0
6654,10,5,6,55.0
6655,10,5,7,55.9
6656,10,5,8,57.0
6657,10,5,9,60.1
6658,10,5,10,57.9
6659,10,5,11,57.9
6660,10,5,12,59.0
6661,10,5,13,59.0
6662,10,5,14,59.0
6663,10,5,15,57.9
6664,10,5,16,57.9
6665,10,5,17,57.0
6666,10,5,18,57.0
6667,10,5,19,55.0
6668,10,5,20,54.0
6669,10,5,21,53.1
6670,10,5,22,52.0
6671,10,5,23,52.0
6672,10,6,0,51.1
6673,10,6,1,48.0
6674,10,6,2,48.0
6675,10,6,3,48.0
6676,10,6,4,50.0
6677,10,6,5,52.0
6678,10,6,6,53.1
6679,10,6,7,54.0
6680,10,6,8,54.0
6681,10,6,9,55.9
6682,10,6,10,57.0
6683,10,6,11,57.0
6684,10,6,12,57.0
6685,10,6,13,57.0
6686,10,6,14,55.9
6687,10,6,15,54.0
6688,10,6,16,52.0
6689,10,6,17,50.0
6690,10,6,18,48.0
6691,10,6,19,46.0
6692,10,6,20,45.0
6693,10,6,21,44.1
6694,10,6,22,43.0
6695,10,6,23,42.1
6696,10,7,0,41.0
6697,10,7,1,39.9
6698,10,7,2,39.0
6699,10,7,3,37.9
6700,10,7,4,37.9
6701,10,7,5,37.0
6702,10,7,6,39.0
6703,10,7,7,42.1
6704,10,7,8,44.1
6705,10,7,9,48.0
6706,10,7,10,50.0
6707,10,7,11,52.0
6708,10,7,12,53.1
6709,10,7,13,55.0
6710,10,7,14,55.0
6711,10,7,15,55.0
6712,10,7,16,54.0
6713,10,7,17,52.0
6714,10,7,18,52.0
6715,10,7,19,51.1
6716,10,7,20,50.0
6717,10,7,21,46.9
6718,10,7,22,46.9
6719,10,7,23,46.0
6720,10,8,0,43.0
6721,10,8,1,43.0
6722,10,8,2,43.0
6723,10,8,3,43.0
6724,10,8,4,45.0
6725,10,8,5,46.9
6726,10,8,6,48.0
6727,10,8,7,53.1
6728,10,8,8,57.0
6729,10,8,9,61.0
6730,10,8,10,64.0
6731,10,8,11,66.0
6732,10,8,12,68.0
6733,10,8,13,69.1
6734,10,8,14,69.1
6735,10,8,15,68.0
6736,10,8,16,64.9
6737,10,8,17,63.0
6738,10,8,18,61.0
6739,10,8,19,60.1
6740,10,8,20,59.0
6741,10,8,21,57.9
6742,10,8,22,57.9
6743,10,8,23,57.9
6744,10,9,0,59.0
6745,10,9,1,60.1
6746,10,9,2,61.0
6747,10,9,3,61.0
6748,10,9,4,60.1
6749,10,9,5,60.1
6750,10,9,6,61.0
6751,10,9,7,64.0
6752,10,9,8,68.0
6753,10,9,9,70.0
6754,10,9,10,70.0
6755,10,9,11,73.0
6756,10,9,12,75.0
6757,10,9,13,75.9
6758,10,9,14,75.0
6759,10,9,15,72.0
6760,10,9,16,69.1
6761,10,9,17,64.0
6762,10,9,18,59.0
6763,10,9,19,55.9
6764,10,9,20,52.0
6765,10,9,21,48.9
6766,10,9,22,46.9
6767,10,9,23,46.0
6768,10,10,0,45.0
6769,10,10,1,45.0
6770,10,10,2,44.1
6771,10,10,3,42.1
6772,10,10,4,41.0
6773,10,10,5,39.0
6774,10,10,6,39.0
6775,10,10,7,39.9
6776,10,10,8,42.1
6777,10,10,9,44.1
6778,10,10,10,45.0
6779,10,10,11,46.9
6780,10,10,12,48.9
6781,10,10,13,48.0
6782,10,10,14,48.0
6783,10,10,15,46.9
6784,10,10,16,46.0
6785,10,10,17,45.0
6786,10,10,18,45.0
6787,10,10,19,45.0
6788,10,10,20,45.0
6789,10,10,21,44.1
6790,10,10,22,43.0
6791,10,10,23,41.0
6792,10,11,0,42.1
6793,10,11,1,39.0
6794,10,11,2,37.9
6795,10,11,3,37.9
6796,10,11,4,39.0
6797,10,11,5,39.0
6798,10,11,6,41.0
6799,10,11,7,44.1
6800,10,11,8,50.0
6801,10,11,9,53.1
6802,10,11,10,52.0
6803,10,11,11,54.0
6804,10,11,12,54.0
6805,10,11,13,53.1
6806,10,11,14,53.1
6807,10,11,15,53.1
6808,10,11,16,51.1
6809,10,11,17,51.1
6810,10,11,18,50.0
6811,10,11,19,50.0
6812,10,11,20,50.0
6813,10,11,21,50.0
6814,10,11,22,48.0
6815,10,11,23,48.9
6816,10,12,0,48.9
6817,10,12,1,45.0
6818,10,12,2,45.0
6819,10,12,3,45.0
6820,10,12,4,45.0
6821,10,12,5,45.0
6822,10,12,6,45.0
6823,10,12,7,46.9
6824,10,12,8,48.0
6825,10,12,9,48.9
6826,10,12,10,52.0
6827,10,12,11,53.1
6828,10,12,12,53.1
6829,10,12,13,55.0
6830,10,12,14,54.0
6831,10,12,15,54.0
6832,10,12,16,54.0
6833,10,12,17,54.0
6834,10,12,18,54.0
6835,10,12,19,53.1
6836,10,12,20,54.0
6837,10,12,21,54.0
6838,10,12,22,53.1
6839,10,12,23,52.0
6840,10,13,0,53.1
6841,10,13,1,54.0
6842,10,13,2,52.0
6843,10,13,3,54.0
6844,10,13,4,53.1
6845,10,13,5,53.1
6846,10,13,6,55.9
6847,10,13,7,57.0
6848,10,13,8,59.0
6849,10,13,9,60.1
6850,10,13,10,63.0
6851,10,13,11,64.0
6852,10,13,12,66.0
6853,10,13,13,64.9
6854,10,13,14,64.9
6855,10,13,15,64.9
6856,10,13,16,64.0
6857,10,13,17,63.0
6858,10,13,18,62.1
6859,10,13,19,62.1
6860,10,13,20,62.1
6861,10,13,21,62.1
6862,10,13,22,62.1
6863,10,13,23,62.1
6864,10,14,0,62.1
6865,10,14,1,61.0
6866,10,14,2,59.0
6867,10,14,3,60.1
6868,10,14,4,60.1
6869,10,14,5,59.0
6870,10,14,6,59.0
6871,10,14,7,60.1
6872,10,14,8,57.9
6873,10,14,9,61.0
6874,10,14,10,62.1
6875,10,14,11,66.9
6876,10,14,12,70.0
6877,10,14,13,70.0
6878,10,14,14,71.1
6879,10,14,15,71.1
6880,10,14,16,70.0
6881,10,14,17,69.1
6882,10,14,18,69.1
6883,10,14,19,68.0
6884,10,14,20,66.0
6885,10,14,21,64.9
6886,10,14,22,64.9
6887,10,14,23,62.1
6888,10,15,0,57.9
6889,10,15,1,55.9
6890,10,15,2,54.0
6891,10,15,3,53.1
6892,10,15,4,52.0
6893,10,15,5,51.1
6894,10,15,6,51.1
6895,10,15,7,51.1
6896,10,15,8,53.1
6897,10,15,9,55.0
6898,10,15,10,57.9
6899,10,15,11,57.9
6900,10,15,12,54.0
6901,10,15,13,60.1
6902,10,15,14,57.9
6903,10,15,15,57.0
6904,10,15,16,55.0
6905,10,15,17,54.0
6906,10,15,18,52.0
6907,10,15,19,52.0
6908,10,15,20,51.1
6909,10,15,21,51.1
6910,10,15,22,48.9
6911,10,15,23,48.9
6912,10,16,0,48.9
6913,10,16,1,48.0
6914,10,16,2,46.0
6915,10,16,3,46.9
6916,10,16,4,46.0
6917,10,16,5,45.0
6918,10,16,6,46.0
6919,10,16,7,46.0
6920,10,16,8,48.9
6921,10,16,9,52.0
6922,10,16,10,54.0
6923,10,16,11,55.9
6924,10,16,12,55.9
6925,10,16,13,57.9
6926,10,16,14,57.0
6927,10,16,15,57.0
6928,10,16,16,55.9
6929,10,16,17,55.0
6930,10,16,18,54.0
6931,10,16,19,53.1
6932,10,16,20,52.0
6933,10,16,21,51.1
6934,10,16,22,48.9
6935,10,16,23,48.0
6936,10,17,0,48.0
6937,10,17,1,46.9
6938,10,17,2,46.9
6939,10,17,3,46.0
6940,10,17,4,46.0
6941,10,17,5,44.1
6942,10,17,6,44.1
6943,10,17,7,48.9
6944,10,17,8,50.0
6945,10,17,9,46.9
6946,10,17,10,46.9
6947,10,17,11,48.0
6948,10,17,12,48.0
6949,10,17,13,46.9
6950,10,17,14,46.9
6951,10,17,15,46.9
6952,10,17,16,46.9
6953,10,17,17,46.9
6954,10,17,18,46.0
6955,10,17,19,46.0
6956,10,17,20,44.1
6957,10,17,21,44.1
6958,10,17,22,43.0
6959,10,17,23,43.0
6960,10,18,0,42.1
6961,10,18,1,42.1
6962,10,18,2,42.1
6963,10,18,3,42.1
6964,10,18,4,41.0
6965,10,18,5,42.1
6966,10,18,6,42.1
6967,10,18,7,44.1
6968,10,18,8,46.0
6969,10,18,9,48.9
6970,10,18,10,50.0
6971,10,18,11,48.9
6972,10,18,12,48.9
6973,10,18,13,48.0
6974,10,18,14,48.0
6975,10,18,15,48.9
6976,10,18,16,46.9
6977,10,18,17,45.0
6978,10,18,18,44.1
6979,10,18,19,44.1
6980,10,18,20,45.0
6981,10,18,21,43.0
6982,10,18,22,43.0
6983,10,18,23,41.0
6984,10,19,0,39.9
6985,10,19,1,39.0
6986,10,19,2,37.9
6987,10,19,3,37.0
6988,10,19,4,37.0
6989,10,19,5,37.0
6990,10,19,6,39.0
6991,10,19,7,42.1
6992,10,19,8,46.0
6993,10,19,9,50.0
6994,10,19,10,53.1
6995,10,19,11,54.0
6996,10,19,12,55.0
6997,10,19,13,57.9
6998,10,19,14,57.9
6999,10,19,15,59.0
7000,10,19,16,59.0
7001,10,19,17,57.9
7002,10,19,18,55.0
7003,10,19,19,57.0
7004,10,19,20,53.1
7005,10,19,21,52.0
7006,10,19,22,52.0
7007,10,19,23,51.1
7008,10,20,0,50.0
7009,10,20,1,48.9
7010,10,20,2,48.0
7011,10,20,3,48.0
7012,10,20,4,46.9
7013,10,20,5,46.9
7014,10,20,6,48.0
7015,10,20,7,50.0
7016,10,20,8,54.0
7017,10,20,9,55.9
7018,10,20,10,57.0
7019,10,20,11,55.9
7020,10,20,12,55.0
7021,10,20,13,55.0
7022,10,20,14,54.0
7023,10,20,15,53.1
7024,10,20,16,51.1
7025,10,20,17,50.0
7026,10,20,18,50.0
7027,10,20,19,48.9
7028,10,20,20,46.9
7029,10,20,21,46.9
7030,10,20,22,46.0
7031,10,20,23,46.0
7032,10,21,0,45.0
7033,10,21,1,45.0
7034,10,21,2,45.0
7035,10,21,3,46.0
7036,10,21,4,46.9
7037,10,21,5,48.0
7038,10,21,6,48.9
7039,10,21,7,51.1
7040,10,21,8,55.0
7041,10,21,9,57.9
7042,10,21,10,62.1
7043,10,21,11,64.0
7044,10,21,12,66.0
7045,10,21,13,66.0
7046,10,21,14,68.0
7047,10,21,15,66.9
7048,10,21,16,66.0
7049,10,21,17,62.1
7050,10,21,18,62.1
7051,10,21,19,62.1
7052,10,21,20,60.1
7053,10,21,21,59.0
7054,10,21,22,57.0
7055,10,21,23,57.0
7056,10,22,0,57.0
7057,10,22,1,57.0
7058,10,22,2,55.0
7059,10,22,3,54.0
7060,10,22,4,52.0
7061,10,22,5,52.0
7062,10,22,6,54.0
7063,10,22,7,55.9
7064,10,22,8,59.0
7065,10,22,9,60.1
7066,10,22,10,62.1
7067,10,22,11,64.0
7068,10,22,12,68.0
7069,10,22,13,68.0
7070,10,22,14,69.1
7071,10,22,15,69.1
7072,10,22,16,63.0
7073,10,22,17,60.1
7074,10,22,18,59.0
7075,10,22,19,57.9
7076,10,22,20,57.0
7077,10,22,21,55.0
7078,10,22,22,55.0
7079,10,22,23,54.0
7080,10,23,0,53.1
7081,10,23,1,52.0
7082,10,23,2,53.1
7083,10,23,3,53.1
7084,10,23,4,54.0
7085,10,23,5,54.0
7086,10,23,6,55.9
7087,10,23,7,59.0
7088,10,23,8,61.0
7089,10,23,9,64.9
7090,10,23,10,69.1
7091,10,23,11,72.0
7092,10,23,12,73.0
7093,10,23,13,73.9
7094,10,23,14,73.0
7095,10,23,15,72.0
7096,10,23,16,66.0
7097,10,23,17,64.9
7098,10,23,18,64.0
7099,10,23,19,62.1
7100,10,23,20,61.0
7101,10,23,21,55.9
7102,10,23,22,53.1
7103,10,23,23,51.1
7104,10,24,0,50.0
7105,10,24,1,48.9
7106,10,24,2,48.9
7107,10,24,3,48.0
7108,10,24,4,46.9
7109,10,24,5,46.9
7110,10,24,6,46.0
7111,10,24,7,48.0
7112,10,24,8,48.9
7113,10,24,9,51.1
7114,10,24,10,54.0
7115,10,24,11,54.0
7116,10,24,12,55.9
7117,10,24,13,57.0
7118,10,24,14,55.9
7119,10,24,15,55.0
7120,10,24,16,52.0
7121,10,24,17,50.0
7122,10,24,18,48.9
7123,10,24,19,46.9
7124,10,24,20,46.0
7125,10,24,21,44.1
7126,10,24,22,43.0
7127,10,24,23,41.0
7128,10,25,0,39.9
7129,10,25,1,39.0
7130,10,25,2,39.0
7131,10,25,3,37.9
7132,10,25,4,37.9
7133,10,25,5,37.0
7134,10,25,6,39.0
7135,10,25,7,42.1
7136,10,25,8,46.0
7137,10,25,9,48.9
7138,10,25,10,51.1
7139,10,25,11,54.0
7140,10,25,12,57.0
7141,10,25,13,59.0
7142,10,25,14,60.1
7143,10,25,15,57.9
7144,10,25,16,57.0
7145,10,25,17,53.1
7146,10,25,18,52.0
7147,10,25,19,51.1
7148,10,25,20,51.1
7149,10,25,21,50.0
7150,10,25,22,50.0
7151,10,25,23,48.9
7152,10,26,0,50.0
7153,10,26,1,48.9
7154,10,26,2,48.9
7155,10,26,3,50.0
7156,10,26,4,46.9
7157,10,26,5,46.9
7158,10,26,6,48.0
7159,10,26,7,50.0
7160,10,26,8,50.0
7161,10,26,9,48.9
7162,10,26,10,50.0
7163,10,26,11,51.1
7164,10,26,12,52.0
7165,10,26,13,51.1
7166,10,26,14,51.1
7167,10,26,15,50.0
7168,10,26,16,48.9
7169,10,26,17,46.9
7170,10,26,18,46.9
7171,10,26,19,48.0
7172,10,26,20,48.9
7173,10,26,21,48.0
7174,10,26,22,46.9
7175,10,26,23,48.0
7176,10,27,0,48.0
7177,10,27,1,48.0
7178,10,27,2,48.0
7179,10,27,3,48.9
7180,10,27,4,50.0
7181,10,27,5,50.0
7182,10,27,6,48.9
7183,10,27,7,50.0
7184,10,27,8,50.0
7185,10,27,9,51.1
7186,10,27,10,51.1
7187,10,27,11,52.0
7188,10,27,12,52.0
7189,10,27,13,52.0
7190,10,27,14,51.1
7191,10,27,15,51.1
7192,10,27,16,51.1
7193,10,27,17,51.1
7194,10,27,18,50.0
7195,10,27,19,50.0
7196,10,27,20,50.0
7197,10,27,21,50.0
7198,10,27,22,50.0
7199,10,27,23,50.0
7200,10,28,0,50.0
7201,10,28,1,51.1
7202,10,28,2,50.0
7203,10,28,3,51.1
7204,10,28,4,51.1
7205,10,28,5,51.1
7206,10,28,6,52.0
7207,10,28,7,53.1
7208,10,28,8,54.0
7209,10,28,9,57.0
7210,10,28,10,61.0
7211,10,28,11,61.0
7212,10,28,12,61.0
7213,10,28,13,64.9
7214,10,28,14,63.0
7215,10,28,15,63.0
7216,10,28,16,62.1
7217,10,28,17,60.1
7218,10,28,18,59.0
7219,10,28,19,57.9
7220,10,28,20,57.0
7221,10,28,21,55.0
7222,10,28,22,53.1
7223,10,28,23,52.0
7224,10,29,0,51.1
7225,10,29,1,50.0
7226,10,29,2,48.0
7227,10,29,3,48.9
7228,10,29,4,46.0
7229,10,29,5,48.0
7230,10,29,6,48.0
7231,10,29,7,52.0
7232,10,29,8,55.9
7233,10,29,9,59.0
7234,10,29,10,64.0
7235,10,29,11,66.9
7236,10,29,12,69.1
7237,10,29,13,70.0
7238,10,29,14,70.0
7239,10,29,15,70.0
7240,10,29,16,63.0
7241,10,29,17,61.0
7242,10,29,18,60.1
7243,10,29,19,59.0
7244,10,29,20,57.9
7245,10,29,21,57.0
7246,10,29,22,57.0
7247,10,29,23,57.0
7248,10,30,0,55.9
7249,10,30,1,57.0
7250,10,30,2,57.0
7251,10,30,3,57.0
7252,10,30,4,55.9
7253,10,30,5,55.0
7254,10,30,6,55.9
7255,10,30,7,57.9
7256,10,30,8,61.0
7257,10,30,9,63.0
7258,10,30,10,63.0
7259,10,30,11,64.9
7260,10,30,12,64.0
7261,10,30,13,63.0
7262,10,30,14,62.1
7263,10,30,15,60.1
7264,10,30,16,54.0
7265,10,30,17,48.9
7266,10,30,18,46.9
7267,10,30,19,44.1
7268,10,30,20,42.1
7269,10,30,21,41.0
7270,10,30,22,39.9
7271,10,30,23,39.0
7272,10,31,0,37.0
7273,10,31,1,37.0
7274,10,31,2,36.0
7275,10,31,3,35.1
7276,10,31,4,35.1
7277,10,31,5,34.0
7278,10,31,6,35.1
7279,10,31,7,37.9
7280,10,31,8,41.0
7281,10,31,9,43.0
7282,10,31,10,44.1
7283,10,31,11,45.0
7284,10,31,12,44.1
7285,10,31,13,44.1
7286,10,31,14,44.1
7287,10,31,15,43.0
7288,10,31,16,41.0
7289,10,31,17,41.0
7290,10,31,18,41.0
7291,10,31,19,41.0
7292,10,31,20,39.9
7293,10,31,21,41.0
7294,10,31,22,42.3
7295,10,31,23,43.3
7296,11,1,0,44.6
7297,11,1,1,45.7
7298,11,1,2,46.9
7299,11,1,3,48.0
7300,11,1,4,46.9
7301,11,1,5,45.0
7302,11,1,6,46.9
7303,11,1,7,46.9
7304,11,1,8,50.0
7305,11,1,9,51.1
7306,11,1,10,51.1
7307,11,1,11,51.1
7308,11,1,12,51.1
7309,11,1,13,50.0
7310,11,1,14,48.9
7311,11,1,15,48.0
7312,11,1,16,45.0
7313,11,1,17,44.1
7314,11,1,18,44.1
7315,11,1,19,43.0
7316,11,1,20,42.1
7317,11,1,21,42.1
7318,11,1,22,42.1
7319,11,1,23,41.0
7320,11,2,0,41.0
7321,11,2,1,41.0
7322,11,2,2,41.0
7323,11,2,3,41.0
7324,11,2,4,42.1
7325,11,2,5,42.1
7326,11,2,6,42.1
7327,11,2,7,45.0
7328,11,2,8,50.0
7329,11,2,9,53.1
7330,11,2,10,57.9
7331,11,2,11,61.0
7332,11,2,12,62.1
7333,11,2,13,64.0
7334,11,2,14,64.0
7335,11,2,15,64.0
7336,11,2,16,61.0
7337,11,2,17,57.9
7338,11,2,18,57.9
7339,11,2,19,57.9
7340,11,2,20,55.9
7341,11,2,21,55.0
7342,11,2,22,54.0
7343,11,2,23,53.1
7344,11,3,0,51.1
7345,11,3,1,50.0
7346,11,3,2,48.9
7347,11,3,3,48.0
7348,11,3,4,44.1
7349,11,3,5,43.0
7350,11,3,6,45.0
7351,11,3,7,48.0
7352,11,3,8,53.1
7353,11,3,9,57.0
7354,11,3,10,57.9
7355,11,3,11,57.0
7356,11,3,12,57.0
7357,11,3,13,55.9
7358,11,3,14,55.9
7359,11,3,15,54.0
7360,11,3,16,50.0
7361,11,3,17,48.9
7362,11,3,18,48.9
7363,11,3,19,48.0
7364,11,3,20,46.0
7365,11,3,21,46.9
7366,11,3,22,45.0
7367,11,3,23,45.0
7368,11,4,0,44.1
7369,11,4,1,44.1
7370,11,4,2,43.0
7371,11,4,3,43.0
7372,11,4,4,42.1
7373,11,4,5,42.1
7374,11,4,6,42.1
7375,11,4,7,43.0
7376,11,4,8,43.0
7377,11,4,9,45.0
7378,11,4,10,48.0
7379,11,4,11,50.0
7380,11,4,12,50.0
7381,11,4,13,48.9
7382,11,4,14,48.9
7383,11,4,15,48.9
7384,11,4,16,48.9
7385,11,4,17,48.9
7386,11,4,18,48.9
7387,11,4,19,48.9
7388,11,4,20,48.0
7389,11,4,21,48.0
7390,11,4,22,48.0
7391,11,4,23,48.0
7392,11,5,0,46.0
7393,11,5,1,45.0
7394,11,5,2,46.0
7395,11,5,3,46.0
7396,11,5,4,45.0
7397,11,5,5,45.0
7398,11,5,6,45.0
7399,11,5,7,45.0
7400,11,5,8,45.0
7401,11,5,9,45.0
7402,11,5,10,45.0
7403,11,5,11,46.9
7404,11,5,12,48.9
7405,11,5,13,52.0
7406,11,5,14,52.0
7407,11,5,15,51.1
7408,11,5,16,48.9
7409,11,5,17,48.9
7410,11,5,18,48.0
7411,11,5,19,48.9
7412,11,5,20,48.9
7413,11,5,21,48.0
7414,11,5,22,48.0
7415,11,5,23,48.0
7416,11,6,0,48.0
7417,11,6,1,48.0
7418,11,6,2,48.0
7419,11,6,3,48.0
7420,11,6,4,46.9
7421,11,6,5,46.9
7422,11,6,6,46.0
7423,11,6,7,46.0
7424,11,6,8,46.9
7425,11,6,9,48.9
7426,11,6,10,53.1
7427,11,6,11,55.9
7428,11,6,12,55.9
7429,11,6,13,55.0
7430,11,6,14,59.0
7431,11,6,15,63.0
7432,11,6,16,61.0
7433,11,6,17,57.9
7434,11,6,18,60.1
7435,11,6,19,57.9
7436,11,6,20,57.0
7437,11,6,21,55.9
7438,11,6,22,55.9
7439,11,6,23,55.9
7440,11,7,0,55.0
7441,11,7,1,55.0
7442,11,7,2,55.0
7443,11,7,3,55.0
7444,11,7,4,54.0
7445,11,7,5,52.0
7446,11,7,6,52.0
7447,11,7,7,54.0
7448,11,7,8,55.9
7449,11,7,9,57.9
7450,11,7,10,59.0
7451,11,7,11,57.0
7452,11,7,12,55.9
7453,11,7,13,55.9
7454,11,7,14,54.0
7455,11,7,15,53.1
7456,11,7,16,52.0
7457,11,7,17,52.0
7458,11,7,18,52.0
7459,11,7,19,50.0
7460,11,7,20,48.9
7461,11,7,21,48.0
7462,11,7,22,48.0
7463,11,7,23,48.0
7464,11,8,0,48.0
7465,11,8,1,46.9
7466,11,8,2,46.9
7467,11,8,3,46.9
7468,11,8,4,45.0
7469,11,8,5,44.1
7470,11,8,6,44.1
7471,11,8,7,44.1
7472,11,8,8,45.0
7473,11,8,9,45.0
7474,11,8,10,45.0
7475,11,8,11,45.0
7476,11,8,12,46.0
7477,11,8,13,46.0
7478,11,8,14,46.9
7479,11,8,15,46.9
7480,11,8,16,46.9
7481,11,8,17,46.9
7482,11,8,18,46.0
7483,11,8,19,46.0
7484,11,8,20,46.0
7485,11,8,21,45.0
7486,11,8,22,46.0
7487,11,8,23,45.0
7488,11,9,0,45.0
7489,11,9,1,45.0
7490,11,9,2,44.1
7491,11,9,3,42.1
7492,11,9,4,43.0
7493,11,9,5,42.1
7494,11,9,6,42.1
7495,11,9,7,43.0
7496,11,9,8,46.0
7497,11,9,9,48.9
7498,11,9,10,54.0
7499,11,9,11,57.0
7500,11,9,12,60.1
7501,11,9,13,62.1
7502,11,9,14,63.0
7503,11,9,15,62.1
7504,11,9,16,59.0
7505,11,9,17,55.9
7506,11,9,18,55.9
7507,11,9,19,55.9
7508,11,9,20,55.9
7509,11,9,21,54.0
7510,11,9,22,54.0
7511,11,9,23,50.0
7512,11,10,0,51.1
7513,11,10,1,48.9
7514,11,10,2,48.9
7515,11,10,3,46.9
7516,11,10,4,46.9
7517,11,10,5,46.9
7518,11,10,6,46.9
7519,11,10,7,50.0
7520,11,10,8,53.1
7521,11,10,9,55.0
7522,11,10,10,55.9
7523,11,10,11,55.9
7524,11,10,12,55.9
7525,11,10,13,55.9
7526,11,10,14,55.0
7527,11,10,15,53.1
7528,11,10,16,51.1
7529,11,10,17,50.0
7530,11,10,18,50.0
7531,11,10,19,50.0
7532,11,10,20,50.0
7533,11,10,21,48.9
7534,11,10,22,48.9
7535,11,10,23,50.0
7536,11,11,0,50.0
7537,11,11,1,50.0
7538,11,11,2,50.0
7539,11,11,3,50.0
7540,11,11,4,48.9
7541,11,11,5,48.0
7542,11,11,6,48.9
7543,11,11,7,50.0
7544,11,11,8,50.0
7545,11,11,9,52.0
7546,11,11,10,52.0
7547,11,11,11,54.0
7548,11,11,12,54.0
7549,11,11,13,54.0
7550,11,11,14,54.0
7551,11,11,15,53.1
7552,11,11,16,50.0
7553,11,11,17,48.9
7554,11,11,18,48.9
7555,11,11,19,48.9
7556,11,11,20,50.0
7557,11,11,21,51.1
7558,11,11,22,52.0
7559,11,11,23,51.1
7560,11,12,0,51.1
7561,11,12,1,51.1
7562,11,12,2,51.1
7563,11,12,3,51.1
7564,11,12,4,50.0
7565,11,12,5,48.9
7566,11,12,6,46.9
7567,11,12,7,46.9
7568,11,12,8,46.0
7569,11,12,9,45.0
7570,11,12,10,45.0
7571,11,12,11,43.0
7572,11,12,12,43.0
7573,11,12,13,43.0
7574,11,12,14,42.1
7575,11,12,15,42.1
7576,11,12,16,41.0
7577,11,12,17,39.9
7578,11,12,18,39.9
7579,11,12,19,39.9
7580,11,12,20,39.9
7581,11,12,21,39.9
7582,11,12,22,37.0
7583,11,12,23,36.0
7584,11,13,0,34.0
7585,11,13,1,34.0
7586,11,13,2,32.0
7587,11,13,3,32.0
7588,11,13,4,32.0
7589,11,13,5,32.0
7590,11,13,6,32.0
7591,11,13,7,33.1
7592,11,13,8,34.0
7593,11,13,9,39.0
7594,11,13,10,42.1
7595,11,13,11,42.1
7596,11,13,12,42.1
7597,11,13,13,42.1
7598,11,13,14,42.1
7599,11,13,15,42.1
7600,11,13,16,39.9
7601,11,13,17,39.9
7602,11,13,18,39.9
7603,11,13,19,39.9
7604,11,13,20,39.9
7605,11,13,21,41.0
7606,11,13,22,42.1
7607,11,13,23,42.1
7608,11,14,0,42.1
7609,11,14,1,42.1
7610,11,14,2,43.0
7611,11,14,3,44.1
7612,11,14,4,44.1
7613,11,14,5,45.0
7614,11,14,6,46.0
7615,11,14,7,48.0
7616,11,14,8,53.1
7617,11,14,9,57.0
7618,11,14,10,60.1
7619,11,14,11,62.1
7620,11,14,12,64.0
7621,11,14,13,64.9
7622,11,14,14,64.0
7623,11,14,15,62.1
7624,11,14,16,61.0
7625,11,14,17,60.1
7626,11,14,18,57.0
7627,11,14,19,59.0
7628,11,14,20,60.1
7629,11,14,21,60.1
7630,11,14,22,60.1
7631,11,14,23,60.1
7632,11,15,0,60.1
7633,11,15,1,60.1
7634,11,15,2,57.0
7635,11,15,3,55.0
7636,11,15,4,53.1
7637,11,15,5,51.1
7638,11,15,6,48.0
7639,11,15,7,48.0
7640,11,15,8,50.0
7641,11,15,9,51.1
7642,11,15,10,51.1
7643,11,15,11,53.1
7644,11,15,12,54.0
7645,11,15,13,55.0
7646,11,15,14,55.0
7647,11,15,15,52.0
7648,11,15,16,51.1
7649,11,15,17,50.0
7650,11,15,18,48.0
7651,11,15,19,46.9
7652,11,15,20,46.9
7653,11,15,21,46.0
7654,11,15,22,45.0
7655,11,15,23,45.0
7656,11,16,0,44.1
7657,11,16,1,42.1
7658,11,16,2,42.1
7659,11,16,3,41.0
7660,11,16,4,41.0
7661,11,16,5,42.1
7662,11,16,6,42.1
7663,11,16,7,42.1
7664,11,16,8,43.0
7665,11,16,9,44.1
7666,11,16,10,46.0
7667,11,16,11,46.9
7668,11,16,12,48.0
7669,11,16,13,48.9
7670,11,16,14,48.0
7671,11,16,15,46.0
7672,11,16,16,44.1
7673,11,16,17,43.0
7674,11,16,18,43.0
7675,11,16,19,41.0
7676,11,16,20,39.9
7677,11,16,21,37.9
7678,11,16,22,37.0
7679,11,16,23,36.0
7680,11,17,0,37.0
7681,11,17,1,37.0
7682,11,17,2,37.0
7683,11,17,3,36.0
7684,11,17,4,35.1
7685,11,17,5,35.1
7686,11,17,6,35.1
7687,11,17,7,41.0
7688,11,17,8,44.1
7689,11,17,9,45.0
7690,11,17,10,45.0
7691,11,17,11,46.0
7692,11,17,12,46.0
7693,11,17,13,46.9
7694,11,17,14,46.9
7695,11,17,15,46.9
7696,11,17,16,46.9
7697,11,17,17,46.0
7698,11,17,18,46.0
7699,11,17,19,46.0
7700,11,17,20,46.9
7701,11,17,21,50.0
7702,11,17,22,51.1
7703,11,17,23,54.0
7704,11,18,0,55.9
7705,11,18,1,59.0
7706,11,18,2,62.1
7707,11,18,3,62.1
7708,11,18,4,62.1
7709,11,18,5,62.1
7710,11,18,6,62.1
7711,11,18,7,63.0
7712,11,18,8,64.0
7713,11,18,9,66.9
7714,11,18,10,68.0
7715,11,18,11,69.1
7716,11,18,12,68.0
7717,11,18,13,66.0
7718,11,18,14,62.1
7719,11,18,15,57.9
7720,11,18,16,53.1
7721,11,18,17,52.0
7722,11,18,18,51.1
7723,11,18,19,50.0
7724,11,18,20,48.9
7725,11,18,21,48.0
7726,11,18,22,46.9
7727,11,18,23,46.9
7728,11,19,0,46.0
7729,11,19,1,45.0
7730,11,19,2,44.1
7731,11,19,3,44.1
7732,11,19,4,44.1
7733,11,19,5,43.0
7734,11,19,6,43.0
7735,11,19,7,43.0
7736,11,19,8,45.0
7737,11,19,9,46.9
7738,11,19,10,48.9
7739,11,19,11,51.1
7740,11,19,12,52.0
7741,11,19,13,52.0
7742,11,19,14,52.0
7743,11,19,15,52.0
7744,11,19,16,50.0
7745,11,19,17,48.0
7746,11,19,18,46.9
7747,11,19,19,46.0
7748,11,19,20,46.0
7749,11,19,21,46.0
7750,11,19,22,45.0
7751,11,19,23,43.0
7752,11,20,0,43.0
7753,11,20,1,42.1
7754,11,20,2,41.0
7755,11,20,3,39.9
7756,11,20,4,39.0
7757,11,20,5,39.0
7758,11,20,6,37.0
7759,11,20,7,37.0
7760,11,20,8,37.9
7761,11,20,9,39.9
7762,11,20,10,41.0
7763,11,20,11,42.1
7764,11,20,12,43.0
7765,11,20,13,43.0
7766,11,20,14,43.0
7767,11,20,15,42.1
7768,11,20,16,39.9
7769,11,20,17,39.0
7770,11,20,18,37.9
7771,11,20,19,36.0
7772,11,20,20,36.0
7773,11,20,21,36.0
7774,11,20,22,36.0
7775,11,20,23,35.1
7776,11,21,0,34.0
7777,11,21,1,34.0
7778,11,21,2,32.0
7779,11,21,3,30.0
7780,11,21,4,28.9
7781,11,21,5,28.9
7782,11,21,6,28.9
7783,11,21,7,28.9
7784,11,21,8,28.9
7785,11,21,9,28.9
7786,11,21,10,28.9
7787,11,21,11,30.0
7788,11,21,12,30.9
7789,11,21,13,30.9
7790,11,21,14,30.0
7791,11,21,15,30.0
7792,11,21,16,30.0
7793,11,21,17,30.0
7794,11,21,18,28.9
7795,11,21,19,28.9
7796,11,21,20,28.9
7797,11,21,21,28.9
7798,11,21,22,28.9
7799,11,21,23,28.9
7800,11,22,0,30.0
7801,11,22,1,28.9
7802,11,22,2,28.9
7803,11,22,3,28.9
7804,11,22,4,30.0
7805,11,22,5,30.0
7806,11,22,6,30.0
7807,11,22,7,30.0
7808,11,22,8,28.9
7809,11,22,9,28.9
7810,11,22,10,28.9
7811,11,22,11,30.0
7812,11,22,12,30.0
7813,11,22,13,30.0
7814,11,22,14,30.0
7815,11,22,15,30.0
7816,11,22,16,30.9
7817,11,22,17,30.9
7818,11,22,18,30.9
7819,11,22,19,30.9
7820,11,22,20,30.9
7821,11,22,21,30.9
7822,11,22,22,30.9
7823,11,22,23,30.9
7824,11,23,0,30.0
7825,11,23,1,30.0
7826,11,23,2,30.0
7827,11,23,3,30.0
7828,11,23,4,30.0
7829,11,23,5,30.0
7830,11,23,6,30.0
7831,11,23,7,30.0
7832,11,23,8,30.0
7833,11,23,9,32.0
7834,11,23,10,32.0
7835,11,23,11,33.1
7836,11,23,12,35.1
7837,11,23,13,35.1
7838,11,23,14,35.1
7839,11,23,15,35.1
7840,11,23,16,35.1
7841,11,23,17,35.1
7842,11,23,18,35.1
7843,11,23,19,35.1
7844,11,23,20,36.0
7845,11,23,21,37.0
7846,11,23,22,37.0
7847,11,23,23,37.0
7848,11,24,0,37.0
7849,11,24,1,37.0
7850,11,24,2,39.9
7851,11,24,3,41.0
7852,11,24,4,42.1
7853,11,24,5,42.1
7854,11,24,6,43.0
7855,11,24,7,43.0
7856,11,24,8,44.1
7857,11,24,9,45.0
7858,11,24,10,45.0
7859,11,24,11,46.0
7860,11,24,12,46.9
7861,11,24,13,41.0
7862,11,24,14,39.0
7863,11,24,15,41.0
7864,11,24,16,41.0
7865,11,24,17,41.0
7866,11,24,18,41.0
7867,11,24,19,41.0
7868,11,24,20,41.0
7869,11,24,21,41.0
7870,11,24,22,41.0
7871,11,24,23,41.0
7872,11,25,0,39.9
7873,11,25,1,39.9
7874,11,25,2,39.9
7875,11,25,3,37.9
7876,11,25,4,37.9
7877,11,25,5,37.0
7878,11,25,6,35.1
7879,11,25,7,35.1
7880,11,25,8,35.1
7881,11,25,9,35.1
7882,11,25,10,36.0
7883,11,25,11,36.0
7884,11,25,12,36.0
7885,11,25,13,36.0
7886,11,25,14,36.0
7887,11,25,15,36.0
7888,11,25,16,35.1
7889,11,25,17,34.0
7890,11,25,18,33.1
7891,11,25,19,30.9
7892,11,25,20,30.0
7893,11,25,21,28.9
7894,11,25,22,27.0
7895,11,25,23,26.1
7896,11,26,0,25.0
7897,11,26,1,24.1
7898,11,26,2,24.1
7899,11,26,3,21.9
7900,11,26,4,21.0
7901,11,26,5,19.9
7902,11,26,6,19.9
7903,11,26,7,21.0
7904,11,26,8,21.9
7905,11,26,9,24.1
7906,11,26,10,25.0
7907,11,26,11,26.1
7908,11,26,12,27.0
7909,11,26,13,28.0
7910,11,26,14,28.9
7911,11,26,15,28.9
7912,11,26,16,28.0
7913,11,26,17,27.0
7914,11,26,18,25.0
7915,11,26,19,23.0
7916,11,26,20,21.9
7917,11,26,21,19.0
7918,11,26,22,18.0
7919,11,26,23,18.0
7920,11,27,0,18.0
7921,11,27,1,18.0
7922,11,27,2,18.0
7923,11,27,3,18.0
7924,11,27,4,18.0
7925,11,27,5,19.0
7926,11,27,6,19.0
7927,11,27,7,19.0
7928,11,27,8,19.9
7929,11,27,9,21.0
7930,11,27,10,21.0
7931,11,27,11,21.0
7932,11,27,12,23.0
7933,11,27,13,24.1
7934,11,27,14,25.0
7935,11,27,15,28.9
7936,11,27,16,28.9
7937,11,27,17,28.9
7938,11,27,18,30.0
7939,11,27,19,33.1
7940,11,27,20,33.1
7941,11,27,21,33.1
7942,11,27,22,35.1
7943,11,27,23,36.0
7944,11,28,0,36.0
7945,11,28,1,36.0
7946,11,28,2,30.0
7947,11,28,3,26.1
7948,11,28,4,26.1
7949,11,28,5,26.1
7950,11,28,6,26.1
7951,11,28,7,25.0
7952,11,28,8,25.0
7953,11,28,9,25.0
7954,11,28,10,25.0
7955,11,28,11,25.0
7956,11,28,12,25.0
7957,11,28,13,30.0
7958,11,28,14,34.0
7959,11,28,15,37.0
7960,11,28,16,37.0
7961,11,28,17,37.9
7962,11,28,18,37.9
7963,11,28,19,37.9
7964,11,28,20,37.0
7965,11,28,21,37.0
7966,11,28,22,37.0
7967,11,28,23,37.0
7968,11,29,0,35.1
7969,11,29,1,35.1
7970,11,29,2,35.1
7971,11,29,3,33.1
7972,11,29,4,33.1
7973,11,29,5,34.0
7974,11,29,6,34.0
7975,11,29,7,34.0
7976,11,29,8,36.0
7977,11,29,9,37.9
7978,11,29,10,39.9
7979,11,29,11,41.0
7980,11,29,12,41.0
7981,11,29,13,41.0
7982,11,29,14,39.9
7983,11,29,15,39.0
7984,11,29,16,37.9
7985,11,29,17,39.0
7986,11,29,18,37.9
7987,11,29,19,37.9
7988,11,29,20,39.0
7989,11,29,21,39.0
7990,11,29,22,39.0
7991,11,29,23,39.0
7992,11,30,0,39.0
7993,11,30,1,39.0
7994,11,30,2,39.0
7995,11,30,3,39.0
7996,11,30,4,37.9
7997,11,30,5,37.9
7998,11,30,6,39.0
7999,11,30,7,39.9
8000,11,30,8,39.9
8001,11,30,9,43.0
8002,11,30,10,46.0
8003,11,30,11,48.0
8004,11,30,12,48.9
8005,11,30,13,48.0
8006,11,30,14,48.0
8007,11,30,15,46.9
8008,11,30,16,46.0
8009,11,30,17,45.0
8010,11,30,18,44.1
8011,11,30,19,42.1
8012,11,30,20,41.0
8013,11,30,21,41.9
8014,11,30,22,42.6
8015,11,30,23,43.5
8016,12,1,0,44.4
8017,12,1,1,45.3
8018,12,1,2,46.0
8019,12,1,3,46.9
8020,12,1,4,46.0
8021,12,1,5,45.0
8022,12,1,6,45.0
8023,12,1,7,46.0
8024,12,1,8,48.0
8025,12,1,9,46.9
8026,12,1,10,46.9
8027,12,1,11,48.9
8028,12,1,12,46.9
8029,12,1,13,46.9
8030,12,1,14,39.9
8031,12,1,15,43.0
8032,12,1,16,41.0
8033,12,1,17,41.0
8034,12,1,18,39.0
8035,12,1,19,37.9
8036,12,1,20,37.0
8037,12,1,21,36.0
8038,12,1,22,35.1
8039,12,1,23,34.0
8040,12,2,0,34.0
8041,12,2,1,32.0
8042,12,2,2,32.0
8043,12,2,3,32.0
8044,12,2,4,32.0
8045,12,2,5,33.1
8046,12,2,6,28.9
8047,12,2,7,28.9
8048,12,2,8,32.0
8049,12,2,9,32.0
8050,12,2,10,27.0
8051,12,2,11,28.9
8052,12,2,12,27.0
8053,12,2,13,30.0
8054,12,2,14,28.0
8055,12,2,15,24.1
8056,12,2,16,23.0
8057,12,2,17,21.9
8058,12,2,18,19.9
8059,12,2,19,19.0
8060,12,2,20,19.0
8061,12,2,21,18.0
8062,12,2,22,18.0
8063,12,2,23,17.1
8064,12,3,0,16.0
8065,12,3,1,16.0
8066,12,3,2,16.0
8067,12,3,3,16.0
8068,12,3,4,16.0
8069,12,3,5,16.0
8070,12,3,6,16.0
8071,12,3,7,17.1
8072,12,3,8,19.0
8073,12,3,9,21.9
8074,12,3,10,24.1
8075,12,3,11,27.0
8076,12,3,12,28.9
8077,12,3,13,30.0
8078,12,3,14,30.0
8079,12,3,15,28.9
8080,12,3,16,27.0
8081,12,3,17,27.0
8082,12,3,18,26.1
8083,12,3,19,25.0
8084,12,3,20,24.1
8085,12,3,21,24.1
8086,12,3,22,23.0
8087,12,3,23,23.0
8088,12,4,0,21.9
8089,12,4,1,21.9
8090,12,4,2,21.9
8091,12,4,3,21.9
8092,12,4,4,23.0
8093,12,4,5,24.1
8094,12,4,6,24.1
8095,12,4,7,26.1
8096,12,4,8,28.0
8097,12,4,9,30.0
8098,12,4,10,30.9
8099,12,4,11,33.1
8100,12,4,12,34.0
8101,12,4,13,35.1
8102,12,4,14,33.1
8103,12,4,15,30.9
8104,12,4,16,30.0
8105,12,4,17,30.0
8106,12,4,18,28.9
8107,12,4,19,28.0
8108,12,4,20,27.0
8109,12,4,21,26.1
8110,12,4,22,24.1
8111,12,4,23,23.0
8112,12,5,0,21.9
8113,12,5,1,21.0
8114,12,5,2,19.9
8115,12,5,3,19.9
8116,12,5,4,19.9
8117,12,5,5,19.0
8118,12,5,6,19.0
8119,12,5,7,19.9
8120,12,5,8,21.9
8121,12,5,9,24.1
8122,12,5,10,26.1
8123,12,5,11,27.0
8124,12,5,12,28.9
8125,12,5,13,28.9
8126,12,5,14,30.0
8127,12,5,15,30.9
8128,12,5,16,33.1
8129,12,5,17,33.1
8130,12,5,18,32.0
8131,12,5,19,32.0
8132,12,5,20,32.0
8133,12,5,21,32.0
8134,12,5,22,30.0
8135,12,5,23,30.9
8136,12,6,0,30.9
8137,12,6,1,30.9
8138,12,6,2,33.1
8139,12,6,3,33.1
8140,12,6,4,33.1
8141,12,6,5,33.1
8142,12,6,6,33.1
8143,12,6,7,33.1
8144,12,6,8,23.0
8145,12,6,9,24.1
8146,12,6,10,24.1
8147,12,6,11,25.0
8148,12,6,12,26.1
8149,12,6,13,26.1
8150,12,6,14,28.0
8151,12,6,15,33.1
8152,12,6,16,34.0
8153,12,6,17,28.9
8154,12,6,18,26.1
8155,12,6,19,26.1
8156,12,6,20,27.0
8157,12,6,21,26.1
8158,12,6,22,26.1
8159,12,6,23,25.0
8160,12,7,0,25.0
8161,12,7,1,26.1
8162,12,7,2,27.0
8163,12,7,3,27.0
8164,12,7,4,28.0
8165,12,7,5,27.0
8166,12,7,6,27.0
8167,12,7,7,27.0
8168,12,7,8,27.0
8169,12,7,9,28.0
8170,12,7,10,28.9
8171,12,7,11,28.9
8172,12,7,12,27.0
8173,12,7,13,28.0
8174,12,7,14,28.9
8175,12,7,15,28.0
8176,12,7,16,27.0
8177,12,7,17,27.0
8178,12,7,18,27.0
8179,12,7,19,27.0
8180,12,7,20,28.0
8181,12,7,21,28.0
8182,12,7,22,28.0
8183,12,7,23,28.0
8184,12,8,0,28.0
8185,12,8,1,27.0
8186,12,8,2,27.0
8187,12,8,3,26.1
8188,12,8,4,26.1
8189,12,8,5,26.1
8190,12,8,6,26.1
8191,12,8,7,27.0
8192,12,8,8,28.0
8193,12,8,9,30.0
8194,12,8,10,32.0
8195,12,8,11,33.1
8196,12,8,12,34.0
8197,12,8,13,35.1
8198,12,8,14,36.0
8199,12,8,15,35.1
8200,12,8,16,34.0
8201,12,8,17,33.1
8202,12,8,18,32.0
8203,12,8,19,30.9
8204,12,8,20,30.0
8205,12,8,21,30.0
8206,12,8,22,28.9
8207,12,8,23,28.9
8208,12,9,0,28.0
8209,12,9,1,26.1
8210,12,9,2,26.1
8211,12,9,3,25.0
8212,12,9,4,24.1
8213,12,9,5,24.1
8214,12,9,6,24.1
8215,12,9,7,25.0
8216,12,9,8,27.0
8217,12,9,9,30.0
8218,12,9,10,33.1
8219,12,9,11,32.0
8220,12,9,12,32.0
8221,12,9,13,32.0
8222,12,9,14,32.0
8223,12,9,15,30.9
8224,12,9,16,33.1
8225,12,9,17,32.0
8226,12,9,18,33.1
8227,12,9,19,33.1
8228,12,9,20,32.0
8229,12,9,21,33.1
8230,12,9,22,32.0
8231,12,9,23,33.1
8232,12,10,0,32.0
8233,12,10,1,32.0
8234,12,10,2,33.1
8235,12,10,3,30.9
8236,12,10,4,32.0
8237,12,10,5,34.0
8238,12,10,6,34.0
8239,12,10,7,35.1
8240,12,10,8,36.0
8241,12,10,9,36.0
8242,12,10,10,36.0
8243,12,10,11,37.0
8244,12,10,12,37.0
8245,12,10,13,37.0
8246,12,10,14,37.9
8247,12,10,15,37.0
8248,12,10,16,37.9
8249,12,10,17,37.9
8250,12,10,18,39.0
8251,12,10,19,37.9
8252,12,10,20,39.0
8253,12,10,21,39.0
8254,12,10,22,39.0
8255,12,10,23,39.0
8256,12,11,0,39.9
8257,12,11,1,39.9
8258,12,11,2,39.9
8259,12,11,3,41.0
8260,12,11,4,41.0
8261,12,11,5,42.1
8262,12,11,6,41.0
8263,12,11,7,42.1
8264,12,11,8,42.1
8265,12,11,9,43.0
8266,12,11,10,43.0
8267,12,11,11,43.0
8268,12,11,12,44.1
8269,12,11,13,46.9
8270,12,11,14,46.9
8271,12,11,15,48.9
8272,12,11,16,46.9
8273,12,11,17,46.9
8274,12,11,18,45.0
8275,12,11,19,43.0
8276,12,11,20,44.1
8277,12,11,21,46.9
8278,12,11,22,45.0
8279,12,11,23,42.1
8280,12,12,0,39.9
8281,12,12,1,39.0
8282,12,12,2,37.9
8283,12,12,3,37.9
8284,12,12,4,37.9
8285,12,12,5,37.0
8286,12,12,6,37.0
8287,12,12,7,36.0
8288,12,12,8,37.0
8289,12,12,9,37.9
8290,12,12,10,39.0
8291,12,12,11,39.9
8292,12,12,12,41.0
8293,12,12,13,41.0
8294,12,12,14,39.9
8295,12,12,15,39.0
8296,12,12,16,37.9
8297,12,12,17,37.0
8298,12,12,18,36.0
8299,12,12,19,35.1
8300,12,12,20,34.0
8301,12,12,21,33.1
8302,12,12,22,33.1
8303,12,12,23,32.0
8304,12,13,0,30.9
8305,12,13,1,30.9
8306,12,13,2,30.0
8307,12,13,3,30.0
8308,12,13,4,28.9
8309,12,13,5,28.0
8310,12,13,6,28.0
8311,12,13,7,28.0
8312,12,13,8,28.0
8313,12,13,9,28.0
8314,12,13,10,30.0
8315,12,13,11,30.0
8316,12,13,12,30.0
8317,12,13,13,30.9
8318,12,13,14,30.0
8319,12,13,15,28.9
8320,12,13,16,28.0
8321,12,13,17,26.1
8322,12,13,18,25.0
8323,12,13,19,24.1
8324,12,13,20,24.1
8325,12,13,21,23.0
8326,12,13,22,21.0
8327,12,13,23,19.9
8328,12,14,0,19.0
8329,12,14,1,19.0
8330,12,14,2,18.0
8331,12,14,3,17.1
8332,12,14,4,17.1
8333,12,14,5,17.1
8334,12,14,6,17.1
8335,12,14,7,18.0
8336,12,14,8,19.0
8337,12,14,9,21.0
8338,12,14,10,23.0
8339,12,14,11,25.0
8340,12,14,12,28.0
8341,12,14,13,32.0
8342,12,14,14,32.0
8343,12,14,15,33.1
8344,12,14,16,30.9
8345,12,14,17,32.0
8346,12,14,18,33.1
8347,12,14,19,33.1
8348,12,14,20,34.0
8349,12,14,21,36.0
8350,12,14,22,37.0
8351,12,14,23,37.9
8352,12,15,0,39.9
8353,12,15,1,39.9
8354,12,15,2,41.0
8355,12,15,3,39.9
8356,12,15,4,39.9
8357,12,15,5,39.9
8358,12,15,6,37.9
8359,12,15,7,33.1
8360,12,15,8,32.0
8361,12,15,9,30.9
8362,12,15,10,32.0
8363,12,15,11,34.0
8364,12,15,12,34.0
8365,12,15,13,34.0
8366,12,15,14,34.0
8367,12,15,15,32.0
8368,12,15,16,32.0
8369,12,15,17,30.9
8370,12,15,18,30.9
8371,12,15,19,30.0
8372,12,15,20,30.0
8373,12,15,21,30.0
8374,12,15,22,30.0
8375,12,15,23,30.0
8376,12,16,0,30.0
8377,12,16,1,28.9
8378,12,16,2,28.9
8379,12,16,3,28.9
8380,12,16,4,28.9
8381,12,16,5,28.0
8382,12,16,6,28.0
8383,12,16,7,28.9
8384,12,16,8,30.9
8385,12,16,9,32.0
8386,12,16,10,35.1
8387,12,16,11,37.9
8388,12,16,12,39.0
8389,12,16,13,39.9
8390,12,16,14,42.1
8391,12,16,15,41.0
8392,12,16,16,39.9
8393,12,16,17,36.0
8394,12,16,18,36.0
8395,12,16,19,35.1
8396,12,16,20,33.1
8397,12,16,21,34.0
8398,12,16,22,35.1
8399,12,16,23,35.1
8400,12,17,0,32.0
8401,12,17,1,34.0
8402,12,17,2,34.0
8403,12,17,3,36.0
8404,12,17,4,37.9
8405,12,17,5,37.9
8406,12,17,6,39.9
8407,12,17,7,39.9
8408,12,17,8,44.1
8409,12,17,9,46.9
8410,12,17,10,48.0
8411,12,17,11,52.0
8412,12,17,12,54.0
8413,12,17,13,52.0
8414,12,17,14,52.0
8415,12,17,15,50.0
8416,12,17,16,50.0
8417,12,17,17,51.1
8418,12,17,18,52.0
8419,12,17,19,53.1
8420,12,17,20,54.0
8421,12,17,21,51.1
8422,12,17,22,53.1
8423,12,17,23,43.0
8424,12,18,0,39.9
8425,12,18,1,37.9
8426,12,18,2,36.0
8427,12,18,3,35.1
8428,12,18,4,34.0
8429,12,18,5,34.0
8430,12,18,6,34.0
8431,12,18,7,34.0
8432,12,18,8,36.0
8433,12,18,9,37.0
8434,12,18,10,37.9
8435,12,18,11,39.0
8436,12,18,12,39.9
8437,12,18,13,39.9
8438,12,18,14,39.0
8439,12,18,15,37.9
8440,12,18,16,37.0
8441,12,18,17,37.0
8442,12,18,18,36.0
8443,12,18,19,36.0
8444,12,18,20,35.1
8445,12,18,21,34.0
8446,12,18,22,33.1
8447,12,18,23,32.0
8448,12,19,0,30.9
8449,12,19,1,32.0
8450,12,19,2,30.9
8451,12,19,3,30.9
8452,12,19,4,30.9
8453,12,19,5,30.9
8454,12,19,6,30.0
8455,12,19,7,30.0
8456,12,19,8,32.0
8457,12,19,9,33.1
8458,12,19,10,35.1
8459,12,19,11,37.0
8460,12,19,12,39.0
8461,12,19,13,39.9
8462,12,19,14,39.9
8463,12,19,15,39.0
8464,12,19,16,37.0
8465,12,19,17,37.0
8466,12,19,18,37.0
8467,12,19,19,35.1
8468,12,19,20,34.0
8469,12,19,21,34.0
8470,12,19,22,33.1
8471,12,19,23,33.1
8472,12,20,0,33.1
8473,12,20,1,33.1
8474,12,20,2,32.0
8475,12,20,3,30.9
8476,12,20,4,30.9
8477,12,20,5,30.9
8478,12,20,6,30.0
8479,12,20,7,30.9
8480,12,20,8,33.1
8481,12,20,9,34.0
8482,12,20,10,35.1
8483,12,20,11,37.0
8484,12,20,12,37.0
8485,12,20,13,36.0
8486,12,20,14,36.0
8487,12,20,15,36.0
8488,12,20,16,36.0
8489,12,20,17,35.1
8490,12,20,18,34.0
8491,12,20,19,32.0
8492,12,20,20,30.9
8493,12,20,21,30.0
8494,12,20,22,28.9
8495,12,20,23,28.0
8496,12,21,0,27.0
8497,12,21,1,26.1
8498,12,21,2,25.0
8499,12,21,3,24.1
8500,12,21,4,23.0
8501,12,21,5,21.9
8502,12,21,6,23.0
8503,12,21,7,23.0
8504,12,21,8,25.0
8505,12,21,9,28.0
8506,12,21,10,30.0
8507,12,21,11,33.1
8508,12,21,12,34.0
8509,12,21,13,34.0
8510,12,21,14,34.0
8511,12,21,15,34.0
8512,12,21,16,34.0
8513,12,21,17,34.0
8514,12,21,18,33.1
8515,12,21,19,34.0
8516,12,21,20,35.1
8517,12,21,21,35.1
8518,12,21,22,35.1
8519,12,21,23,35.1
8520,12,22,0,35.1
8521,12,22,1,35.1
8522,12,22,2,35.1
8523,12,22,3,34.0
8524,12,22,4,35.1
8525,12,22,5,35.1
8526,12,22,6,35.1
8527,12,22,7,37.0
8528,12,22,8,37.9
8529,12,22,9,42.1
8530,12,22,10,45.0
8531,12,22,11,46.9
8532,12,22,12,48.0
8533,12,22,13,50.0
8534,12,22,14,48.9
8535,12,22,15,48.9
8536,12,22,16,46.0
8537,12,22,17,45.0
8538,12,22,18,43.0
8539,12,22,19,42.1
8540,12,22,20,43.0
8541,12,22,21,42.1
8542,12,22,22,42.1
8543,12,22,23,43.0
8544,12,23,0,43.0
8545,12,23,1,39.9
8546,12,23,2,41.0
8547,12,23,3,39.9
8548,12,23,4,39.9
8549,12,23,5,39.9
8550,12,23,6,39.9
8551,12,23,7,42.1
8552,12,23,8,43.0
8553,12,23,9,44.1
8554,12,23,10,46.9
8555,12,23,11,48.9
8556,12,23,12,51.1
8557,12,23,13,52.0
8558,12,23,14,54.0
8559,12,23,15,50.0
8560,12,23,16,46.0
8561,12,23,17,44.1
8562,12,23,18,46.0
8563,12,23,19,46.0
8564,12,23,20,46.9
8565,12,23,21,46.9
8566,12,23,22,46.9
8567,12,23,23,48.9
8568,12,24,0,48.0
8569,12,24,1,48.0
8570,12,24,2,46.0
8571,12,24,3,46.9
8572,12,24,4,46.0
8573,12,24,5,45.0
8574,12,24,6,48.0
8575,12,24,7,48.9
8576,12,24,8,53.1
8577,12,24,9,57.0
8578,12,24,10,55.9
8579,12,24,11,55.9
8580,12,24,12,55.9
8581,12,24,13,55.0
8582,12,24,14,55.0
8583,12,24,15,55.0
8584,12,24,16,53.1
8585,12,24,17,53.1
8586,12,24,18,54.0
8587,12,24,19,55.0
8588,12,24,20,54.0
8589,12,24,21,55.9
8590,12,24,22,55.0
8591,12,24,23,53.1
8592,12,25,0,53.1
8593,12,25,1,52.0
8594,12,25,2,51.1
8595,12,25,3,50.0
8596,12,25,4,46.9
8597,12,25,5,46.9
8598,12,25,6,46.9
8599,12,25,7,46.0
8600,12,25,8,46.9
8601,12,25,9,48.9
8602,12,25,10,48.9
8603,12,25,11,50.0
8604,12,25,12,50.0
8605,12,25,13,50.0
8606,12,25,14,48.0
8607,12,25,15,45.0
8608,12,25,16,44.1
8609,12,25,17,43.0
8610,12,25,18,41.0
8611,12,25,19,39.9
8612,12,25,20,37.9
8613,12,25,21,37.0
8614,12,25,22,37.0
8615,12,25,23,36.0
8616,12,26,0,35.1
8617,12,26,1,35.1
8618,12,26,2,34.0
8619,12,26,3,33.1
8620,12,26,4,33.1
8621,12,26,5,33.1
8622,12,26,6,34.0
8623,12,26,7,34.0
8624,12,26,8,35.1
8625,12,26,9,36.0
8626,12,26,10,36.0
8627,12,26,11,37.9
8628,12,26,12,37.9
8629,12,26,13,37.9
8630,12,26,14,37.9
8631,12,26,15,39.0
8632,12,26,16,39.0
8633,12,26,17,39.0
8634,12,26,18,39.0
8635,12,26,19,39.0
8636,12,26,20,37.9
8637,12,26,21,37.0
8638,12,26,22,37.0
8639,12,26,23,37.0
8640,12,27,0,37.0
8641,12,27,1,37.0
8642,12,27,2,37.0
8643,12,27,3,36.0
8644,12,27,4,36.0
8645,12,27,5,36.0
8646,12,27,6,34.0
8647,12,27,7,35.1
8648,12,27,8,37.0
8649,12,27,9,39.0
8650,12,27,10,42.1
8651,12,27,11,45.0
8652,12,27,12,46.9
8653,12,27,13,46.9
8654,12,27,14,48.0
8655,12,27,15,46.0
8656,12,27,16,43.0
8657,12,27,17,39.9
8658,12,27,18,39.9
8659,12,27,19,39.0
8660,12,27,20,37.0
8661,12,27,21,36.0
8662,12,27,22,35.1
8663,12,27,23,34.0
8664,12,28,0,34.0
8665,12,28,1,34.0
8666,12,28,2,33.1
8667,12,28,3,33.1
8668,12,28,4,32.0
8669,12,28,5,33.1
8670,12,28,6,32.0
8671,12,28,7,32.0
8672,12,28,8,36.0
8673,12,28,9,41.0
8674,12,28,10,46.0
8675,12,28,11,50.0
8676,12,28,12,51.1
8677,12,28,13,52.0
8678,12,28,14,51.1
8679,12,28,15,48.9
8680,12,28,16,46.9
8681,12,28,17,46.0
8682,12,28,18,45.0
8683,12,28,19,42.1
8684,12,28,20,43.0
8685,12,28,21,39.9
8686,12,28,22,41.0
8687,12,28,23,39.0
8688,12,29,0,37.9
8689,12,29,1,39.0
8690,12,29,2,39.0
8691,12,29,3,37.0
8692,12,29,4,37.9
8693,12,29,5,37.9
8694,12,29,6,37.9
8695,12,29,7,37.9
8696,12,29,8,43.0
8697,12,29,9,46.9
8698,12,29,10,50.0
8699,12,29,11,53.1
8700,12,29,12,55.9
8701,12,29,13,57.9
8702,12,29,14,55.9
8703,12,29,15,54.0
8704,12,29,16,51.1
8705,12,29,17,50.0
8706,12,29,18,48.9
8707,12,29,19,46.9
8708,12,29,20,45.0
8709,12,29,21,44.1
8710,12,29,22,42.1
8711,12,29,23,42.1
8712,12,30,0,41.0
8713,12,30,1,41.0
8714,12,30,2,39.0
8715,12,30,3,41.0
8716,12,30,4,42.1
8717,12,30,5,43.0
8718,12,30,6,46.9
8719,12,30,7,48.0
8720,12,30,8,50.0
8721,12,30,9,52.0
8722,12,30,10,53.1
8723,12,30,11,53.1
8724,12,30,12,54.0
8725,12,30,13,53.1
8726,12,30,14,48.9
8727,12,30,15,46.9
8728,12,30,16,45.0
8729,12,30,17,44.1
8730,12,30,18,43.0
8731,12,30,19,42.1
8732,12,30,20,42.1
8733,12,30,21,41.0
8734,12,30,22,41.0
8735,12,30,23,41.0
8736,12,31,0,41.0
8737,12,31,1,39.9
8738,12,31,2,39.9
8739,12,31,3,39.9
8740,12,31,4,39.0
8741,12,31,5,39.0
8742,12,31,6,37.9
8743,12,31,7,39.0
8744,12,31,8,39.9
8745,12,31,9,41.0
8746,12,31,10,41.0
8747,12,31,11,42.1
8748,12,31,12,43.0
8749,12,31,13,45.0
8750,12,31,14,45.0
8751,12,31,15,44.1
8752,12,31,16,41.0
8753,12,31,17,39.0
8754,12,31,18,37.9
8755,12,31,19,41.0
8756,12,31,20,39.9
8757,12,31,21,39.9
8758,12,31,22,41.0
8759,12,31,23,41.0
